DATEKEY,DATE,DAYOFWEEK,MONTH,YEAR,YEARMONTHNUM,YEARMONTH,DAYNUMINWEEK
19920101,985,906,685,171,351,460,256
19920102,281,361,8,880,627,193,485
19920103,365,785,395,503,181,454,154
19920104,358,692,1008,970,618,560,932
19920105,628,700,993,806,239,110,659
19920106,155,428,745,874,211,658,476
19920107,710,337,81,702,32,496,471
19920108,709,217,265,699,703,352,6
19920109,768,817,762,533,938,403,964
19920110,867,520,469,684,252,144,14
19920111,471,1017,730,131,928,773,788
19920112,110,660,422,467,847,694,673
19920113,624,268,617,106,604,871,828
19920114,380,33,332,947,215,886,621
19920115,474,820,603,558,685,73,676
19920116,480,913,934,725,446,106,868
19920117,391,928,313,492,247,467,639
19920118,24,474,516,210,778,110,560
19920119,391,687,195,29,10,504,622
19920120,902,980,903,244,670,746,538
19920121,342,16,536,481,487,275,610
19920122,806,717,14,937,100,678,278
19920123,509,326,699,189,906,18,219
19920124,976,493,262,735,460,662,835
19920125,144,191,181,676,615,51,9
19920126,99,275,466,494,998,484,620
19920127,42,386,911,880,691,665,915
19920128,929,661,270,673,85,1010,953
19920129,144,750,85,815,927,184,956
19920130,293,6,41,816,415,942,427
19920131,175,925,390,962,932,135,517
19920201,354,640,461,222,209,233,119
19920202,258,560,456,645,217,964,38
19920203,565,994,312,651,6,770,563
19920204,507,243,767,947,734,596,809
19920205,946,208,592,513,806,201,307
19920206,632,341,543,765,1008,848,232
19920207,666,185,904,365,824,267,32
19920208,795,12,58,359,671,782,630
19920209,961,202,626,745,34,600,650
19920210,361,24,401,837,680,599,566
19920211,940,704,748,961,456,360,483
19920212,787,356,603,558,149,628,766
19920213,178,925,524,814,1016,381,921
19920214,935,12,681,568,636,211,691
19920215,522,406,534,52,340,149,1007
19920216,957,0,104,335,707,179,250
19920217,400,197,390,491,778,561,976
19920218,253,526,239,332,532,278,926
19920219,879,120,972,748,610,591,113
19920220,700,52,87,353,347,344,423
19920221,443,269,975,279,417,424,516
19920222,274,641,875,802,1,253,383
19920223,389,504,143,87,884,971,348
19920224,677,26,100,942,625,1012,997
19920225,1014,333,77,753,772,367,781
19920226,804,383,347,597,536,800,149
19920227,355,477,484,994,533,283,919
19920228,470,427,455,696,426,674,273
19920229,516,488,293,309,808,206,932
19920301,552,803,705,102,35,933,569
19920302,206,212,791,705,440,355,64
19920303,923,65,104,250,559,718,382
19920304,23,556,800,769,889,264,15
19920305,853,607,275,356,489,1017,526
19920306,641,36,86,82,1010,861,385
19920307,793,287,729,141,675,730,734
19920308,382,796,313,625,83,760,254
19920309,635,702,430,635,163,786,614
19920310,358,388,883,947,758,56,827
19920311,200,917,606,411,162,740,1023
19920312,262,726,203,280,87,592,350
19920313,919,605,308,522,225,184,957
19920314,990,910,542,608,437,697,959
19920315,278,428,625,57,737,847,143
19920316,661,660,701,91,126,575,256
19920317,259,646,357,442,7,296,384
19920318,765,830,140,665,566,872,488
19920319,8,67,915,223,648,425,389
19920320,56,72,85,846,102,960,898
19920321,825,838,54,149,533,923,242
19920322,308,715,214,639,577,464,114
19920323,663,317,902,691,545,603,1
19920324,927,862,1013,211,203,553,39
19920325,973,863,651,571,549,937,205
19920326,603,47,827,393,812,503,171
19920327,442,174,178,320,717,862,93
19920328,472,572,288,456,861,253,929
19920329,605,299,246,236,766,958,811
19920330,811,299,910,666,488,766,60
19920331,714,567,330,515,187,526,78
19920401,879,717,88,850,481,220,62
19920402,472,653,773,480,848,513,820
19920403,573,643,786,607,440,219,344
19920404,496,237,91,946,557,203,551
19920405,467,559,775,351,493,861,659
19920406,750,412,980,788,715,201,113
19920407,1018,660,78,132,823,858,657
19920408,28,397,176,1016,693,867,905
19920409,129,1009,281,594,927,330,119
19920410,649,680,167,940,232,765,203
19920411,618,698,80,793,888,214,129
19920412,394,545,45,941,393,541,566
19920413,779,476,770,95,954,506,305
19920414,48,641,279,508,801,1013,216
19920415,265,179,497,699,985,521,418
19920416,218,109,1017,893,513,540,905
19920417,791,974,677,419,631,226,648
19920418,169,555,788,356,167,367,922
19920419,648,594,945,585,545,835,270
19920420,926,316,583,617,687,971,620
19920421,478,987,722,595,133,1023,672
19920422,550,106,609,673,151,493,479
19920423,571,818,357,720,943,514,525
19920424,822,353,530,870,415,381,23
19920425,365,1021,943,699,974,891,477
19920426,902,916,114,432,949,781,369
19920427,58,999,609,17,724,674,378
19920428,658,123,660,584,640,930,355
19920429,435,864,864,705,860,706,525
19920430,638,233,492,434,574,724,864
19920501,361,875,524,358,796,401,585
19920502,998,739,417,982,611,735,227
19920503,630,676,527,289,547,3,106
19920504,657,765,171,566,65,344,992
19920505,599,34,90,597,914,659,399
19920506,139,273,799,320,838,990,960
19920507,42,690,848,488,713,67,621
19920508,418,898,583,433,86,954,576
19920509,61,602,605,575,215,739,646
19920510,57,220,17,380,987,5,101
19920511,49,989,61,737,269,873,906
19920512,134,698,959,403,418,52,541
19920513,463,529,575,796,958,50,217
19920514,442,512,717,844,676,190,746
19920515,597,70,396,402,671,626,62
19920516,635,11,777,668,175,361,908
19920517,165,799,613,296,500,208,372
19920518,704,724,527,367,976,745,263
19920519,173,340,412,226,371,762,274
19920520,949,314,804,496,504,848,972
19920521,191,647,57,919,690,515,693
19920522,295,375,390,396,141,154,674
19920523,888,811,575,853,363,739,201
19920524,101,140,387,1000,528,1020,674
19920525,865,938,179,28,733,898,145
19920526,517,633,271,35,401,929,674
19920527,802,685,199,727,441,155,143
19920528,665,160,688,61,736,39,452
19920529,484,743,194,442,715,872,993
19920530,638,132,98,766,904,601,116
19920531,983,497,11,827,864,569,887
19920601,721,304,663,151,4,71,680
19920602,932,1016,864,77,864,483,916
19920603,911,417,195,21,98,920,136
19920604,293,542,871,668,922,137,522
19920605,547,746,672,870,806,971,1012
19920606,471,996,121,361,925,830,483
19920607,556,178,358,17,374,904,395
19920608,784,93,835,1005,589,906,777
19920609,868,902,860,397,771,638,328
19920610,940,196,150,865,867,631,151
19920611,905,803,53,660,971,748,787
19920612,538,751,252,457,638,674,813
19920613,784,938,229,993,96,725,794
19920614,880,655,300,958,521,636,474
19920615,45,411,490,853,626,919,662
19920616,551,922,812,172,995,661,863
19920617,592,755,90,301,920,209,327
19920618,86,443,52,936,69,1002,896
19920619,974,96,656,357,139,325,889
19920620,102,264,759,979,203,373,1003
19920621,489,655,360,164,820,153,943
19920622,603,909,771,348,693,798,226
19920623,132,626,85,685,176,745,597
19920624,56,458,587,547,333,367,1018
19920625,52,641,405,263,467,623,522
19920626,51,833,866,816,578,540,572
19920627,934,780,92,252,905,479,394
19920628,416,687,30,800,309,326,751
19920629,974,260,67,552,48,938,391
19920630,998,81,254,270,227,978,32
19920701,631,97,907,782,53,207,254
19920702,751,643,979,814,735,570,66
19920703,161,261,230,730,172,361,130
19920704,58,718,394,186,45,589,67
19920705,339,306,375,998,194,401,537
19920706,313,498,839,979,158,110,752
19920707,309,823,637,971,179,192,854
19920708,788,402,22,457,261,434,82
19920709,188,361,43,777,833,667,436
19920710,778,333,657,677,278,502,295
19920711,985,177,367,195,300,960,793
19920712,464,1013,73,681,57,260,4
19920713,973,180,722,107,627,760,748
19920714,507,822,167,809,124,189,421
19920715,896,899,970,576,717,617,315
19920716,398,312,702,282,25,526,461
19920717,73,124,839,518,997,220,347
19920718,833,675,798,780,64,718,460
19920719,95,485,169,423,418,429,834
19920720,975,849,689,607,153,994,307
19920721,528,280,88,628,745,323,692
19920722,530,230,609,817,958,159,813
19920723,521,541,558,723,621,488,356
19920724,319,859,966,368,226,949,368
19920725,438,633,615,847,296,786,929
19920726,759,765,367,180,482,596,511
19920727,344,998,222,208,195,711,444
19920728,678,947,81,452,480,368,462
19920729,391,860,414,920,620,507,80
19920730,115,487,445,908,303,54,539
19920731,7,792,516,185,139,182,75
19920801,26,488,914,429,217,278,396
19920802,703,303,166,652,323,81,25
19920803,377,23,930,474,144,369,350
19920804,914,233,57,404,477,164,181
19920805,801,95,656,437,859,627,123
19920806,699,603,234,11,404,937,311
19920807,318,162,230,57,821,948,779
19920808,538,618,374,673,1006,517,966
19920809,200,958,981,190,112,385,658
19920810,566,152,666,531,98,619,682
19920811,452,889,470,837,958,383,313
19920812,863,638,538,366,482,479,695
19920813,958,500,18,301,409,641,429
19920814,294,847,161,153,27,478,574
19920815,228,548,865,215,695,977,143
19920816,652,711,461,779,259,174,699
19920817,171,511,627,534,588,377,1002
19920818,341,555,756,503,329,402,317
19920819,31,457,258,887,697,926,977
19920820,44,21,459,556,345,413,691
19920821,604,665,877,527,892,744,17
19920822,200,796,190,396,259,494,285
19920823,268,921,788,501,138,838,83
19920824,927,815,1018,866,894,258,140
19920825,506,506,103,721,445,199,374
19920826,111,52,399,214,911,762,530
19920827,981,59,1001,1021,813,340,955
19920828,777,78,933,253,186,400,276
19920829,957,105,984,165,917,160,589
19920830,1020,788,837,947,468,16,958
19920831,1020,999,73,633,9,914,340
19920901,723,278,770,733,716,749,357
19920902,33,651,156,621,205,416,895
19920903,521,78,242,1016,933,71,394
19920904,461,627,492,406,36,121,363
19920905,897,181,722,663,698,56,1017
19920906,662,17,773,996,816,989,29
19920907,677,403,154,1016,741,364,853
19920908,103,890,515,890,875,866,273
19920909,959,272,80,206,737,100,287
19920910,655,124,60,71,419,459,172
19920911,740,849,185,846,950,84,1020
19920912,381,804,657,448,6,62,339
19920913,567,357,180,981,259,185,617
19920914,786,1013,449,621,1005,851,460
19920915,822,695,910,912,812,210,578
19920916,137,696,719,215,883,903,634
19920917,944,463,376,106,239,966,480
19920918,108,609,731,303,692,956,503
19920919,5,1017,735,704,437,351,84
19920920,557,342,259,441,479,313,794
19920921,909,167,707,669,515,700,750
19920922,462,707,239,1004,781,162,933
19920923,676,641,978,695,743,251,70
19920924,925,947,1016,420,142,887,325
19920925,685,743,517,322,641,425,781
19920926,692,381,840,174,42,196,491
19920927,571,824,542,268,671,95,719
19920928,506,110,492,391,391,42,328
19920929,259,460,564,584,372,116,929
19920930,652,252,956,246,1010,893,841
19921001,913,497,302,840,617,964,670
19921002,640,30,700,543,322,925,240
19921003,176,633,1016,478,555,323,606
19921004,255,630,65,898,191,363,101
19921005,662,948,530,16,737,563,82
19921006,759,528,368,417,475,791,785
19921007,571,26,763,830,357,532,94
19921008,82,209,371,567,679,399,865
19921009,1013,423,401,180,995,933,872
19921010,61,220,83,536,495,370,818
19921011,723,0,477,78,14,310,69
19921012,254,570,257,619,235,179,127
19921013,328,759,235,179,771,364,156
19921014,339,600,76,142,772,233,886
19921015,240,919,1021,202,98,609,948
19921016,732,750,883,116,945,587,581
19921017,833,877,190,237,46,851,127
19921018,902,2,382,116,196,95,899
19921019,508,851,498,452,332,537,750
19921020,745,507,83,866,836,898,547
19921021,1014,347,138,940,582,107,112
19921022,912,226,633,882,83,511,511
19921023,508,420,811,927,661,543,643
19921024,721,589,373,97,6,647,915
19921025,542,337,896,150,295,94,808
19921026,611,800,789,505,788,222,898
19921027,110,982,665,305,909,0,700
19921028,307,814,635,436,104,60,487
19921029,0,982,752,942,808,252,863
19921030,903,816,496,545,624,169,758
19921031,901,8,109,119,754,710,68
19921101,463,426,532,229,758,200,476
19921102,664,495,197,339,0,255,24
19921103,489,592,635,340,90,154,249
19921104,437,793,666,366,990,82,855
19921105,13,655,942,411,903,123,571
19921106,605,534,953,675,676,1013,928
19921107,369,829,135,763,695,660,295
19921108,955,697,634,357,790,516,143
19921109,426,292,238,138,98,882,701
19921110,979,330,829,356,129,638,662
19921111,896,559,563,516,372,21,472
19921112,494,427,777,405,468,739,182
19921113,809,610,707,915,88,611,691
19921114,214,229,886,339,150,132,254
19921115,437,731,430,447,592,532,737
19921116,664,243,38,532,359,18,295
19921117,462,755,321,235,593,72,226
19921118,109,26,475,491,77,935,219
19921119,418,122,214,355,514,1001,291
19921120,104,796,882,306,73,376,709
19921121,183,414,868,132,244,891,143
19921122,242,917,1005,0,771,386,508
19921123,865,342,358,159,300,196,119
19921124,52,792,736,385,342,888,410
19921125,396,747,292,319,27,711,474
19921126,393,766,731,265,306,159,573
19921127,774,764,460,411,358,5,643
19921128,662,953,123,287,914,511,249
19921129,772,124,478,247,794,565,781
19921130,827,564,107,931,360,660,107
19921201,372,901,646,433,199,178,352
19921202,28,578,985,886,947,882,504
19921203,946,906,919,310,70,280,645
19921204,536,679,1006,494,432,883,488
19921205,1021,991,780,924,862,225,14
19921206,706,532,654,528,458,244,594
19921207,1015,264,773,102,266,712,842
19921208,765,84,1001,1015,130,937,589
19921209,454,42,437,656,961,315,751
19921210,57,170,673,1010,22,170,575
19921211,812,391,710,780,272,899,981
19921212,565,1019,185,165,315,650,532
19921213,315,659,882,314,971,926,639
19921214,11,700,386,469,1015,12,970
19921215,337,526,366,249,3,717,236
19921216,850,701,222,424,689,53,575
19921217,64,141,239,514,222,596,584
19921218,117,17,831,779,408,666,948
19921219,23,974,615,789,714,811,269
19921220,833,632,902,72,59,255,229
19921221,221,572,471,256,340,747,840
19921222,927,760,947,623,1017,476,181
19921223,987,53,672,877,709,807,629
19921224,405,998,252,472,279,141,24
19921225,474,972,199,486,982,781,740
19921226,764,685,504,964,341,70,79
19921227,324,594,642,531,314,231,235
19921228,717,19,798,299,88,617,506
19921229,69,800,21,57,664,744,244
19921230,1017,788,69,351,812,340,551
19921231,443,396,714,21,104,924,4
19930101,622,4,124,584,772,851,535
19930102,697,709,285,67,272,697,499
19930103,57,331,640,315,992,241,186
19930104,148,911,657,838,154,646,488
19930105,859,613,746,470,970,430,58
19930106,404,960,898,798,526,850,486
19930107,513,75,675,716,812,512,846
19930108,1003,755,689,404,256,405,349
19930109,470,418,42,431,957,868,547
19930110,439,22,28,133,761,80,111
19930111,683,391,573,905,11,498,631
19930112,263,978,162,1017,1002,701,886
19930113,751,446,157,473,742,488,114
19930114,982,419,278,77,851,181,804
19930115,815,241,499,375,835,1003,198
19930116,334,176,717,278,567,545,587
19930117,130,47,978,983,259,292,924
19930118,964,144,177,293,539,40,404
19930119,142,206,94,929,316,179,546
19930120,32,778,406,632,605,956,887
19930121,292,419,550,15,328,465,704
19930122,131,769,636,298,630,727,595
19930123,468,707,865,67,550,831,737
19930124,960,473,341,782,679,469,59
19930125,103,330,77,129,1012,988,163
19930126,977,657,193,622,579,511,561
19930127,361,333,617,959,437,426,215
19930128,130,272,926,195,367,1004,427
19930129,815,643,104,212,445,329,814
19930130,597,594,545,718,894,519,660
19930131,676,698,670,940,508,538,440
19930201,27,61,84,919,893,173,150
19930202,220,812,602,151,290,745,616
19930203,714,49,170,650,432,672,474
19930204,467,684,884,201,108,928,335
19930205,390,363,711,377,752,229,764
19930206,925,849,1023,559,435,453,119
19930207,206,549,313,993,497,520,403
19930208,403,259,429,424,969,862,403
19930209,171,416,988,156,674,399,632
19930210,546,823,830,731,1003,979,613
19930211,865,137,129,48,954,1005,401
19930212,73,174,241,950,560,823,883
19930213,763,23,943,605,118,205,498
19930214,456,274,972,17,617,696,886
19930215,438,95,817,868,890,62,658
19930216,427,134,121,332,143,992,500
19930217,619,191,735,339,641,508,839
19930218,3,682,213,699,652,429,800
19930219,514,730,607,637,374,875,160
19930220,718,299,878,698,654,908,492
19930221,685,932,648,743,472,733,782
19930222,343,0,21,579,234,504,84
19930223,710,382,268,772,219,0,410
19930224,532,513,538,546,340,872,908
19930225,474,673,368,78,135,1003,492
19930226,589,172,828,150,214,809,129
19930227,507,205,57,118,182,713,475
19930228,203,344,64,795,642,842,277
19930301,796,737,540,290,60,70,611
19930302,481,80,102,916,349,569,299
19930303,705,610,659,740,848,172,223
19930304,641,141,983,137,793,342,828
19930305,948,189,827,685,362,451,587
19930306,870,936,86,884,515,601,433
19930307,249,301,823,546,10,647,852
19930308,1014,641,764,686,758,422,576
19930309,344,872,298,588,862,808,467
19930310,532,906,257,109,311,93,48
19930311,709,123,912,120,600,772,861
19930312,308,431,675,1011,412,913,684
19930313,494,20,519,269,834,629,878
19930314,229,462,775,60,926,278,937
19930315,452,280,487,350,362,698,51
19930316,218,977,371,718,256,887,290
19930317,883,979,418,910,355,814,1018
19930318,999,985,677,261,281,1008,156
19930319,630,713,473,860,801,636,347
19930320,342,305,327,982,74,890,110
19930321,276,31,898,813,755,657,749
19930322,618,903,103,363,895,645,582
19930323,914,334,687,503,26,515,901
19930324,92,303,930,979,775,146,117
19930325,709,538,909,699,228,986,21
19930326,407,222,806,265,748,87,315
19930327,526,43,363,319,253,925,321
19930328,441,424,10,241,681,654,495
19930329,818,187,884,442,950,366,857
19930330,358,61,955,62,839,59,721
19930331,547,375,893,584,689,702,752
19930401,987,6,198,618,420,393,190
19930402,363,555,824,736,908,996,996
19930403,868,15,127,961,915,504,861
19930404,389,433,909,777,558,931,794
19930405,740,298,324,857,848,442,586
19930406,879,261,791,487,698,618,720
19930407,188,662,263,550,167,988,648
19930408,941,749,898,556,453,881,362
19930409,861,976,956,73,48,625,59
19930410,1009,750,181,67,830,416,523
19930411,992,424,380,483,233,584,43
19930412,797,514,385,42,736,954,2
19930413,724,240,157,412,19,0,596
19930414,193,918,910,636,219,751,840
19930415,227,668,163,713,379,712,392
19930416,842,226,582,277,518,760,451
19930417,38,40,619,954,859,61,480
19930418,652,827,591,881,834,756,995
19930419,447,766,465,1006,994,448,774
19930420,470,816,444,778,508,973,1018
19930421,940,303,255,127,163,1001,457
19930422,447,236,194,468,319,913,163
19930423,868,352,602,689,105,570,779
19930424,481,832,440,900,700,222,892
19930425,555,321,770,573,729,90,796
19930426,569,431,468,55,199,1021,402
19930427,391,263,215,666,96,582,664
19930428,352,550,706,226,413,193,342
19930429,80,438,205,37,737,67,677
19930430,487,681,480,8,1009,743,685
19930501,132,741,765,396,756,1019,240
19930502,356,25,828,67,346,82,221
19930503,523,708,794,1009,407,760,458
19930504,656,483,192,128,759,253,281
19930505,45,583,994,858,117,396,603
19930506,178,994,12,913,777,552,914
19930507,381,863,266,679,106,818,774
19930508,433,710,752,441,600,241,436
19930509,700,730,549,226,565,810,63
19930510,934,159,889,320,661,886,175
19930511,436,873,27,340,625,263,239
19930512,457,471,96,341,586,466,185
19930513,447,408,983,389,18,389,111
19930514,889,172,766,219,509,312,328
19930515,553,767,235,494,562,257,391
19930516,845,505,930,829,851,665,456
19930517,592,502,308,264,161,785,715
19930518,362,872,656,214,152,208,891
19930519,655,670,817,144,862,148,723
19930520,263,523,548,557,998,500,290
19930521,473,560,815,949,334,463,125
19930522,739,80,274,564,594,719,670
19930523,736,149,675,664,611,767,743
19930524,84,748,909,124,336,211,507
19930525,608,236,828,382,744,242,654
19930526,762,806,408,956,39,249,767
19930527,808,499,648,777,61,276,581
19930528,915,74,24,46,944,970,751
19930529,894,818,779,108,844,440,877
19930530,153,271,563,859,361,127,225
19930531,786,611,54,460,249,836,181
19930601,960,211,671,824,201,721,572
19930602,573,94,314,637,296,137,41
19930603,380,900,325,348,802,100,303
19930604,825,640,833,1006,739,468,293
19930605,733,937,493,530,914,623,982
19930606,103,300,669,564,1015,417,121
19930607,367,179,537,288,816,79,1022
19930608,304,420,762,18,592,393,541
19930609,293,835,500,83,253,488,624
19930610,527,350,568,209,126,845,284
19930611,509,245,367,288,543,79,675
19930612,498,176,154,151,669,104,813
19930613,753,463,26,648,477,584,608
19930614,249,96,150,561,800,1006,634
19930615,948,483,227,698,998,948,693
19930616,528,483,175,662,128,866,408
19930617,0,116,287,865,401,607,936
19930618,865,968,428,147,924,152,514
19930619,610,468,878,484,987,584,46
19930620,936,708,237,205,288,15,626
19930621,440,1007,14,764,882,943,311
19930622,373,865,1019,799,616,172,204
19930623,34,121,770,965,658,765,366
19930624,978,497,869,787,76,32,763
19930625,132,612,680,570,589,845,97
19930626,498,502,230,738,1006,528,51
19930627,409,1010,876,862,478,927,1020
19930628,335,903,357,514,462,122,66
19930629,614,160,92,550,492,900,141
19930630,903,365,376,952,632,408,879
19930701,285,876,516,907,634,491,274
19930702,935,243,610,960,717,493,925
19930703,690,374,723,679,66,875,978
19930704,438,608,155,529,112,258,219
19930705,145,5,355,977,964,237,125
19930706,290,43,651,885,1009,832,273
19930707,477,96,799,588,267,484,611
19930708,474,355,698,371,35,952,244
19930709,298,493,640,534,726,476,680
19930710,483,711,339,586,790,432,194
19930711,757,25,574,984,838,869,1002
19930712,58,933,225,606,606,700,933
19930713,289,1022,609,232,838,450,269
19930714,972,748,939,369,598,474,808
19930715,16,400,232,681,703,586,965
19930716,959,586,355,627,144,429,890
19930717,9,1009,967,760,965,850,915
19930718,388,921,805,708,179,671,505
19930719,198,537,36,418,46,872,695
19930720,178,121,555,15,285,650,647
19930721,947,105,458,676,731,26,479
19930722,269,1021,624,273,501,238,132
19930723,92,292,692,293,1009,159,657
19930724,537,119,161,763,9,546,94
19930725,746,249,181,821,916,337,384
19930726,303,709,714,266,786,779,542
19930727,1023,722,465,752,721,900,434
19930728,915,153,680,32,100,101,846
19930729,395,968,1004,131,278,822,648
19930730,432,861,962,549,293,942,194
19930731,940,712,246,468,15,135,973
19930801,315,728,1019,901,75,216,6
19930802,86,201,917,968,508,727,168
19930803,413,367,831,458,472,550,914
19930804,425,697,137,149,774,549,211
19930805,600,158,324,205,584,359,959
19930806,324,970,979,200,907,746,466
19930807,248,512,239,584,735,66,177
19930808,164,461,588,713,397,1000,30
19930809,788,875,567,741,948,397,361
19930810,564,168,904,887,208,361,66
19930811,126,90,271,490,761,394,589
19930812,112,584,105,726,62,100,152
19930813,1002,875,258,365,255,767,505
19930814,469,382,804,89,992,265,940
19930815,1013,311,283,626,357,904,166
19930816,325,789,312,435,121,933,887
19930817,206,847,287,397,303,127,266
19930818,288,434,208,629,958,483,618
19930819,68,327,725,230,356,914,142
19930820,12,857,125,938,639,223,738
19930821,673,98,59,112,338,149,613
19930822,906,458,922,296,596,685,415
19930823,685,102,832,487,888,920,926
19930824,650,529,493,542,151,44,631
19930825,156,186,672,450,215,859,1003
19930826,392,374,207,376,196,433,370
19930827,427,489,631,516,842,750,605
19930828,293,539,941,138,971,916,926
19930829,497,1023,163,710,619,658,803
19930830,836,1008,903,216,858,542,70
19930831,945,1008,357,870,387,164,800
19930901,464,908,746,84,231,224,986
19930902,831,140,355,1009,102,275,794
19930903,602,919,982,194,428,360,869
19930904,715,212,1004,701,162,935,399
19930905,301,286,340,279,435,180,254
19930906,984,322,65,184,38,399,581
19930907,155,42,157,39,120,1014,376
19930908,862,135,980,973,358,285,709
19930909,192,751,22,713,852,197,645
19930910,416,272,925,959,598,260,996
19930911,138,334,536,471,492,245,579
19930912,585,852,337,385,376,764,908
19930913,523,566,973,369,43,319,843
19930914,837,416,864,716,391,365,935
19930915,438,67,250,725,969,186,197
19930916,700,589,488,617,362,998,239
19930917,997,369,15,369,623,615,21
19930918,55,18,109,1003,81,81,283
19930919,537,389,956,726,894,644,69
19930920,175,245,580,611,995,298,618
19930921,579,642,818,139,646,97,702
19930922,162,663,541,200,948,244,119
19930923,561,619,834,838,949,6,726
19930924,875,916,382,533,464,785,575
19930925,258,19,901,892,528,117,145
19930926,304,486,445,680,449,665,728
19930927,266,652,268,308,784,204,338
19930928,441,275,440,73,320,237,209
19930929,656,466,906,566,815,233,333
19930930,346,508,848,535,318,799,991
19931001,811,539,271,599,196,652,609
19931002,805,140,967,283,625,496,947
19931003,23,712,944,273,883,674,284
19931004,849,188,416,246,942,1017,549
19931005,983,946,272,79,108,962,295
19931006,96,968,895,403,1018,270,896
19931007,88,791,171,549,868,36,564
19931008,983,313,915,678,916,591,564
19931009,166,186,632,251,456,399,360
19931010,75,541,638,755,450,33,456
19931011,54,60,275,107,902,514,554
19931012,800,793,30,874,54,992,253
19931013,270,462,764,595,416,190,200
19931014,534,228,734,378,817,9,406
19931015,715,194,850,53,908,855,320
19931016,51,212,770,694,619,374,558
19931017,969,133,801,822,810,944,504
19931018,1012,338,220,520,839,784,76
19931019,822,144,108,798,1023,40,161
19931020,767,806,552,218,119,615,941
19931021,333,805,552,230,752,895,451
19931022,866,289,279,69,494,960,470
19931023,680,325,409,691,979,245,172
19931024,686,708,557,82,814,107,506
19931025,950,308,870,451,541,281,67
19931026,757,689,294,503,55,911,402
19931027,530,112,211,624,746,52,569
19931028,797,344,535,448,584,97,859
19931029,175,181,719,75,267,603,865
19931030,224,21,468,844,897,558,182
19931031,90,624,345,684,323,713,156
19931101,742,957,37,2,647,973,609
19931102,896,520,608,693,283,856,511
19931103,889,707,61,303,507,582,904
19931104,764,760,839,1002,616,303,633
19931105,152,492,594,674,384,1005,928
19931106,538,399,842,499,801,837,599
19931107,936,347,851,560,503,982,274
19931108,1023,27,172,577,831,618,319
19931109,914,354,269,758,528,878,119
19931110,142,102,263,945,336,578,326
19931111,463,725,565,36,416,556,987
19931112,166,831,671,271,818,286,706
19931113,7,774,132,224,565,764,115
19931114,963,164,802,149,608,617,919
19931115,23,144,605,581,363,768,412
19931116,88,134,110,284,645,289,939
19931117,1008,67,432,367,360,1017,841
19931118,888,747,116,453,862,220,825
19931119,94,700,58,402,176,551,960
19931120,536,200,380,540,0,496,325
19931121,638,663,649,855,186,770,846
19931122,161,646,465,810,338,536,870
19931123,944,720,276,137,478,782,172
19931124,470,913,218,981,1006,500,993
19931125,333,765,332,1010,371,642,773
19931126,904,512,764,59,354,349,617
19931127,1011,859,491,84,145,257,349
19931128,244,286,822,576,697,623,195
19931129,208,130,538,118,136,684,33
19931130,971,675,345,27,151,394,186
19931201,361,448,546,44,557,382,708
19931202,852,789,162,592,251,736,502
19931203,307,365,558,442,676,656,882
19931204,193,472,861,314,583,794,1003
19931205,52,795,556,207,146,249,919
19931206,425,262,728,183,978,98,961
19931207,891,594,518,301,998,208,416
19931208,937,210,714,151,748,523,931
19931209,400,199,413,300,484,740,4
19931210,723,213,326,941,610,615,1006
19931211,1010,802,827,607,575,738,948
19931212,694,42,746,687,561,649,91
19931213,21,159,0,224,522,662,931
19931214,791,372,282,533,582,866,36
19931215,673,796,531,789,211,1015,223
19931216,358,134,663,137,265,35,486
19931217,700,552,63,144,892,673,475
19931218,74,626,367,192,80,776,1007
19931219,1019,81,387,386,350,350,324
19931220,761,916,687,819,907,239,511
19931221,283,135,559,161,915,218,159
19931222,626,37,49,770,768,623,303
19931223,817,418,828,972,687,530,665
19931224,162,868,485,912,647,79,966
19931225,6,13,774,255,878,148,393
19931226,52,899,355,436,1017,835,161
19931227,1020,888,255,739,365,963,704
19931228,502,275,231,489,651,965,513
19931229,874,239,916,185,206,81,451
19931230,136,441,416,165,700,876,157
19931231,228,464,829,355,482,63,292
19940101,705,1017,44,972,35,673,694
19940102,480,993,293,995,134,125,358
19940103,370,272,185,710,808,508,682
19940104,621,845,259,322,614,966,284
19940105,966,248,90,509,958,134,792
19940106,648,781,606,106,965,734,225
19940107,301,352,882,21,461,248,264
19940108,418,105,30,711,743,757,351
19940109,97,558,219,874,1008,297,627
19940110,345,429,97,25,694,193,644
19940111,32,545,100,176,423,794,340
19940112,662,293,284,324,400,199,14
19940113,647,943,60,925,909,91,616
19940114,701,754,973,323,932,322,620
19940115,262,52,95,581,795,533,689
19940116,723,752,449,63,903,698,417
19940117,522,848,391,862,358,506,910
19940118,552,232,641,245,11,990,624
19940119,247,302,919,185,760,446,625
19940120,690,490,677,79,230,770,200
19940121,475,189,888,921,853,246,920
19940122,558,378,673,158,191,490,797
19940123,982,143,192,221,501,72,595
19940124,240,954,270,335,854,1021,827
19940125,868,866,679,536,437,37,672
19940126,455,669,32,743,127,262,61
19940127,301,658,61,68,685,587,125
19940128,847,1000,712,892,239,366,210
19940129,416,236,587,700,866,578,255
19940130,271,190,342,6,231,1017,45
19940131,935,621,944,623,136,737,78
19940201,178,836,833,710,414,380,141
19940202,975,927,752,702,53,490,462
19940203,415,256,573,919,371,465,289
19940204,84,411,1007,202,989,412,431
19940205,204,803,911,604,946,830,514
19940206,548,346,597,559,297,938,880
19940207,908,11,34,488,454,659,488
19940208,986,250,689,228,29,816,298
19940209,904,387,40,950,426,270,979
19940210,791,170,740,981,174,1019,328
19940211,598,94,946,929,714,509,834
19940212,513,297,38,766,430,951,191
19940213,489,412,749,621,20,250,530
19940214,229,932,18,892,243,456,589
19940215,348,716,341,812,933,527,842
19940216,973,712,910,499,314,994,701
19940217,611,415,884,113,765,317,779
19940218,356,741,274,811,469,544,603
19940219,120,56,599,144,914,229,674
19940220,655,910,153,16,284,870,470
19940221,295,206,410,679,972,453,332
19940222,828,782,193,228,749,157,242
19940223,19,822,412,868,888,653,726
19940224,457,296,271,749,611,964,860
19940225,960,620,950,528,700,526,284
19940226,510,69,311,631,768,978,990
19940227,1021,562,1018,136,121,427,374
19940228,183,371,790,775,108,375,975
19940301,404,660,865,143,194,381,817
19940302,158,736,659,682,736,846,16
19940303,735,316,175,66,969,607,945
19940304,528,351,654,187,524,912,400
19940305,641,646,81,763,702,646,704
19940306,900,659,785,297,517,262,244
19940307,896,501,161,107,622,648,659
19940308,734,316,338,683,437,899,510
19940309,193,121,286,25,143,787,394
19940310,344,629,531,305,250,968,715
19940311,44,371,867,446,75,620,614
19940312,392,515,236,75,733,657,734
19940313,193,216,801,849,676,79,921
19940314,986,973,834,900,531,622,224
19940315,1013,384,992,939,78,376,148
19940316,469,832,301,440,953,642,218
19940317,883,843,299,152,926,14,535
19940318,279,128,329,688,587,13,202
19940319,215,550,691,276,209,277,95
19940320,226,406,689,820,862,486,212
19940321,963,568,165,467,723,803,680
19940322,988,451,333,727,62,16,620
19940323,55,902,826,372,759,430,874
19940324,791,118,145,724,938,68,181
19940325,989,102,251,541,493,725,28
19940326,366,65,533,318,139,550,789
19940327,416,829,512,317,156,245,963
19940328,277,5,496,170,231,299,834
19940329,968,124,40,261,735,704,398
19940330,562,597,858,131,413,133,581
19940331,483,748,208,630,97,934,4
19940401,179,377,382,62,93,695,927
19940402,458,567,939,746,177,137,993
19940403,213,73,217,905,526,920,135
19940404,82,544,197,525,858,365,561
19940405,998,94,277,640,41,372,545
19940406,133,297,294,1007,491,1017,698
19940407,173,846,503,340,492,294,926
19940408,300,886,849,465,305,491,948
19940409,181,1016,459,625,650,675,763
19940410,458,519,124,613,237,868,942
19940411,563,79,128,470,56,986,732
19940412,895,98,934,397,129,885,397
19940413,647,365,946,314,167,336,363
19940414,947,658,160,258,582,720,202
19940415,223,744,456,724,1003,26,246
19940416,995,348,222,921,515,414,847
19940417,383,664,463,461,825,718,463
19940418,233,595,153,488,802,50,783
19940419,508,803,379,951,930,866,500
19940420,302,72,540,341,253,264,583
19940421,713,939,783,800,213,710,197
19940422,999,633,275,649,379,90,208
19940423,496,69,645,299,129,653,37
19940424,540,701,754,197,4,297,838
19940425,963,261,925,289,68,1004,4
19940426,805,267,786,965,755,557,633
19940427,640,37,770,719,325,357,417
19940428,610,364,983,79,710,769,3
19940429,304,504,549,643,499,338,112
19940430,945,137,382,307,865,485,200
19940501,1017,1019,651,93,1019,912,297
19940502,849,403,169,229,208,677,580
19940503,77,755,726,261,785,653,833
19940504,577,539,652,880,311,160,971
19940505,210,795,49,62,1023,69,262
19940506,266,906,718,740,843,276,35
19940507,1015,247,981,574,135,205,812
19940508,202,225,238,122,823,114,885
19940509,759,179,754,698,895,219,863
19940510,81,797,960,94,459,622,716
19940511,634,545,48,755,215,1001,637
19940512,516,466,459,786,799,388,569
19940513,304,123,796,548,391,445,884
19940514,973,912,54,890,255,854,642
19940515,773,440,835,227,217,20,874
19940516,9,358,821,161,918,428,210
19940517,1,695,379,597,709,92,141
19940518,718,668,898,400,105,830,782
19940519,32,133,860,814,792,723,634
19940520,557,652,809,916,71,437,756
19940521,464,12,25,157,854,735,407
19940522,16,170,341,787,310,972,186
19940523,112,504,203,523,795,581,223
19940524,551,435,586,479,217,315,133
19940525,437,295,195,412,767,776,432
19940526,532,977,696,534,512,276,952
19940527,348,255,797,852,934,415,585
19940528,731,236,238,509,252,446,330
19940529,778,618,894,703,876,64,788
19940530,765,608,867,638,660,836,594
19940531,406,772,1004,86,154,286,561
19940601,731,517,408,438,304,180,429
19940602,123,573,677,937,277,332,266
19940603,309,845,876,241,537,74,335
19940604,477,627,486,44,804,674,510
19940605,795,722,716,755,447,539,179
19940606,510,1004,466,701,768,1009,255
19940607,472,158,606,810,211,64,55
19940608,130,655,144,504,991,597,462
19940609,1016,682,782,548,398,781,996
19940610,542,526,911,461,211,145,396
19940611,393,217,954,424,100,680,96
19940612,475,920,815,578,281,766,863
19940613,39,96,230,170,165,658,207
19940614,1012,734,401,413,61,229,363
19940615,625,417,685,243,488,454,977
19940616,847,462,542,909,314,695,415
19940617,650,859,807,157,226,557,285
19940618,282,185,88,385,320,47,988
19940619,633,263,1015,446,658,86,818
19940620,150,232,219,814,31,47,458
19940621,712,147,159,423,857,683,973
19940622,663,444,739,311,565,679,235
19940623,302,705,659,83,369,971,131
19940624,936,801,361,501,613,135,652
19940625,486,156,918,486,663,1015,41
19940626,784,375,852,903,956,973,893
19940627,359,495,389,958,70,464,171
19940628,795,23,479,440,889,95,262
19940629,91,770,878,452,153,416,193
19940630,1017,439,293,640,158,304,278
19940701,773,830,292,214,603,180,500
19940702,257,640,454,305,65,905,364
19940703,240,297,788,80,286,362,517
19940704,687,792,447,216,822,604,358
19940705,48,901,616,414,232,426,490
19940706,350,941,521,184,239,623,137
19940707,576,746,659,362,811,175,45
19940708,109,406,546,447,213,258,508
19940709,50,353,629,945,158,609,410
19940710,612,267,250,506,434,283,468
19940711,250,505,1007,635,256,747,323
19940712,527,917,527,593,862,53,650
19940713,609,1005,591,747,268,82,568
19940714,662,970,971,203,808,664,266
19940715,978,945,586,1015,981,593,408
19940716,18,636,151,820,0,501,35
19940717,6,6,184,150,179,94,976
19940718,819,226,672,580,712,598,284
19940719,452,819,373,116,715,538,81
19940720,982,507,319,515,883,14,830
19940721,902,450,614,122,734,725,824
19940722,871,390,155,463,885,835,721
19940723,799,548,659,695,555,651,397
19940724,795,1000,227,289,56,867,1023
19940725,469,490,307,620,824,414,200
19940726,364,527,597,979,794,54,775
19940727,525,161,980,473,499,339,693
19940728,565,482,914,195,892,661,394
19940729,760,137,1,857,668,760,439
19940730,647,395,893,738,365,339,2
19940731,168,929,697,443,177,652,710
19940801,693,460,534,391,298,34,497
19940802,883,688,146,831,400,457,946
19940803,840,717,21,144,865,187,480
19940804,648,284,686,868,730,988,724
19940805,767,61,215,393,694,136,858
19940806,90,858,900,846,396,1011,439
19940807,405,466,57,490,593,47,196
19940808,295,835,304,322,122,76,807
19940809,391,928,261,791,249,84,32
19940810,209,886,700,324,695,383,815
19940811,354,30,767,93,763,337,978
19940812,402,776,388,448,187,186,939
19940813,725,94,303,996,857,635,804
19940814,785,556,908,153,963,104,738
19940815,407,435,159,901,308,744,56
19940816,713,558,758,68,208,215,804
19940817,389,548,896,123,595,429,1014
19940818,424,338,690,314,281,1016,998
19940819,94,960,164,357,757,728,341
19940820,103,597,929,241,18,127,693
19940821,990,901,907,597,672,926,721
19940822,370,3,718,789,326,116,91
19940823,526,957,267,122,374,342,724
19940824,473,792,133,703,507,859,159
19940825,937,70,643,401,698,838,257
19940826,420,34,743,830,577,683,1022
19940827,201,887,413,330,624,67,76
19940828,511,488,660,633,961,850,994
19940829,21,723,651,320,439,421,206
19940830,499,966,376,20,877,462,544
19940831,692,91,346,467,719,500,895
19940901,937,38,877,996,883,375,166
19940902,481,948,298,556,433,466,648
19940903,15,773,895,27,412,905,183
19940904,644,23,548,689,681,545,83
19940905,871,658,378,857,644,911,939
19940906,478,229,259,278,337,48,83
19940907,901,466,566,113,469,579,516
19940908,333,535,81,15,86,1009,134
19940909,967,358,205,278,647,490,119
19940910,686,552,152,112,1002,175,246
19940911,428,267,456,555,385,192,542
19940912,308,619,303,497,174,423,259
19940913,529,21,160,96,500,615,398
19940914,137,165,981,288,244,87,413
19940915,96,507,98,835,927,1011,6
19940916,222,127,728,98,26,930,306
19940917,911,480,1,681,693,382,782
19940918,601,607,688,767,543,40,628
19940919,163,693,206,728,795,836,52
19940920,321,579,894,779,779,478,699
19940921,28,6,141,308,387,594,610
19940922,92,245,970,111,134,349,213
19940923,212,651,619,961,634,283,165
19940924,828,603,713,317,652,309,977
19940925,239,125,391,730,978,455,941
19940926,487,545,507,395,294,709,608
19940927,692,149,796,85,279,553,892
19940928,669,428,238,303,487,658,680
19940929,773,528,411,419,251,350,861
19940930,629,1007,369,773,319,952,347
19941001,739,422,598,244,936,703,927
19941002,984,295,703,981,1010,764,472
19941003,29,434,782,58,123,10,339
19941004,138,323,253,962,292,798,502
19941005,170,412,204,714,492,753,573
19941006,593,907,680,360,818,967,515
19941007,631,468,198,1012,610,107,415
19941008,658,87,608,282,127,285,504
19941009,345,442,832,978,481,694,418
19941010,413,1011,354,887,118,334,649
19941011,320,225,247,199,53,446,544
19941012,826,332,659,168,512,478,771
19941013,129,239,725,523,360,475,213
19941014,311,20,470,634,410,895,367
19941015,855,688,773,909,27,246,610
19941016,421,506,877,386,478,645,803
19941017,309,139,239,291,961,521,710
19941018,296,912,447,72,393,32,940
19941019,830,850,556,989,137,301,842
19941020,947,475,485,765,930,978,74
19941021,159,863,8,159,882,402,732
19941022,101,547,13,136,386,858,411
19941023,756,973,306,869,705,427,875
19941024,324,206,283,417,601,594,720
19941025,870,87,753,17,372,920,634
19941026,638,730,335,781,926,855,642
19941027,215,80,675,621,56,159,468
19941028,509,682,42,257,655,821,839
19941029,118,473,576,375,713,909,717
19941030,159,841,582,14,251,121,1020
19941031,971,539,989,658,789,1018,778
19941101,755,393,268,633,26,820,920
19941102,236,541,971,182,60,335,985
19941103,987,127,665,968,582,512,952
19941104,992,816,29,193,300,256,909
19941105,786,524,487,604,606,242,814
19941106,275,123,412,321,431,199,323
19941107,303,814,843,2,152,857,1015
19941108,745,460,173,423,643,77,303
19941109,412,792,210,179,42,159,394
19941110,365,261,702,785,188,183,1002
19941111,743,85,99,506,673,829,227
19941112,83,627,996,748,730,839,360
19941113,433,151,471,266,477,854,420
19941114,278,880,295,350,532,115,140
19941115,702,642,309,155,588,540,940
19941116,98,990,297,853,20,452,503
19941117,739,138,991,485,245,620,301
19941118,216,404,516,0,340,935,76
19941119,1018,541,765,536,8,83,854
19941120,775,978,147,966,689,120,858
19941121,457,798,190,190,537,668,655
19941122,342,388,790,427,286,471,526
19941123,288,124,124,266,885,317,708
19941124,964,368,281,478,32,191,514
19941125,439,630,101,155,693,633,930
19941126,911,392,417,614,783,366,916
19941127,522,901,27,62,966,810,149
19941128,1003,152,421,951,113,412,720
19941129,506,525,71,657,549,86,609
19941130,1023,373,156,308,60,605,280
19941201,554,903,589,914,23,157,309
19941202,296,198,168,182,498,298,246
19941203,94,584,926,186,50,251,671
19941204,768,348,652,667,476,463,357
19941205,798,200,657,376,669,443,651
19941206,784,913,227,206,771,519,313
19941207,749,172,411,261,394,420,1003
19941208,362,814,429,566,91,817,980
19941209,1007,849,584,264,329,323,822
19941210,553,82,184,90,794,35,2
19941211,134,453,645,798,248,101,520
19941212,775,93,511,954,426,908,432
19941213,468,134,456,108,97,645,422
19941214,325,580,694,278,905,825,639
19941215,920,88,1003,187,227,8,145
19941216,554,999,212,107,206,859,139
19941217,396,269,328,536,656,152,55
19941218,604,716,783,828,683,942,751
19941219,83,60,653,592,142,724,713
19941220,635,270,767,239,166,527,986
19941221,694,221,644,723,593,222,988
19941222,1012,673,854,107,359,886,630
19941223,571,476,94,530,803,814,330
19941224,262,720,968,841,230,523,568
19941225,413,653,803,591,264,18,473
19941226,126,922,732,691,548,797,341
19941227,215,719,483,896,543,189,440
19941228,90,948,950,404,978,632,780
19941229,619,108,975,345,528,285,952
19941230,52,1006,831,513,780,781,254
19941231,274,285,544,433,752,67,616
19950101,376,142,112,235,283,70,417
19950102,159,85,682,335,112,486,54
19950103,495,547,183,936,278,150,872
19950104,166,32,680,395,523,952,690
19950105,670,725,236,240,105,260,716
19950106,605,628,1010,693,598,871,330
19950107,416,701,838,610,276,665,265
19950108,189,771,459,384,846,784,536
19950109,386,163,256,604,885,561,116
19950110,922,880,898,30,44,537,509
19950111,426,2,6,897,390,753,405
19950112,460,816,526,88,771,705,924
19950113,560,609,394,650,507,221,954
19950114,988,937,705,725,310,850,25
19950115,254,645,167,226,355,268,685
19950116,56,314,122,650,780,934,427
19950117,348,217,756,924,458,687,279
19950118,288,841,1018,631,58,338,982
19950119,249,448,101,392,994,605,886
19950120,1019,165,1010,392,615,27,401
19950121,513,650,255,25,411,621,911
19950122,57,959,721,329,821,614,352
19950123,810,1011,437,349,611,922,350
19950124,675,193,710,449,217,633,803
19950125,369,301,240,475,723,72,268
19950126,345,144,162,727,640,695,620
19950127,365,276,692,170,149,903,562
19950128,258,871,704,255,412,492,549
19950129,849,773,996,836,42,434,940
19950130,639,961,268,21,302,777,421
19950131,816,608,718,230,298,561,210
19950201,100,994,636,321,919,509,190
19950202,339,41,76,752,763,481,854
19950203,229,745,93,93,612,730,303
19950204,90,32,203,72,224,499,328
19950205,15,936,683,940,465,686,985
19950206,440,379,453,18,55,352,646
19950207,338,735,811,430,396,704,59
19950208,547,680,309,924,657,623,835
19950209,338,1001,688,753,316,407,792
19950210,335,30,421,589,832,539,795
19950211,703,629,332,310,566,528,867
19950212,761,169,105,75,761,743,975
19950213,1016,711,804,968,43,287,531
19950214,186,810,475,680,983,287,262
19950215,922,247,137,725,698,313,480
19950216,440,521,834,757,259,341,516
19950217,70,671,714,714,575,1012,320
19950218,596,799,779,751,601,314,7
19950219,158,575,891,813,21,728,517
19950220,356,72,588,276,743,742,577
19950221,236,522,811,589,169,424,928
19950222,760,831,598,543,211,214,982
19950223,1011,32,651,992,141,891,937
19950224,250,940,447,21,362,552,251
19950225,668,581,902,581,390,495,564
19950226,396,808,147,143,81,462,498
19950227,657,224,834,53,350,460,576
19950228,889,485,961,505,827,371,747
19950301,3,384,846,900,813,485,722
19950302,719,514,761,188,867,704,901
19950303,544,44,390,799,996,732,78
19950304,272,806,469,770,355,758,874
19950305,761,323,330,325,310,225,751
19950306,570,37,347,550,714,999,783
19950307,55,920,496,387,226,420,439
19950308,272,850,437,85,106,577,124
19950309,548,536,743,181,428,323,822
19950310,254,792,381,347,679,20,882
19950311,484,150,84,511,131,985,330
19950312,522,261,1002,775,683,143,982
19950313,473,508,430,518,576,201,725
19950314,877,210,353,583,1005,195,83
19950315,825,655,520,615,589,465,1013
19950316,7,645,414,664,402,839,533
19950317,34,131,782,77,738,217,201
19950318,544,832,378,900,70,652,55
19950319,70,1002,425,195,919,868,293
19950320,168,317,596,687,294,756,287
19950321,31,685,920,817,716,681,506
19950322,231,870,189,90,187,248,790
19950323,616,434,975,777,259,277,402
19950324,619,439,627,629,613,219,162
19950325,387,572,643,829,256,296,918
19950326,964,460,816,507,880,576,320
19950327,732,706,534,675,699,14,393
19950328,35,73,126,5,129,788,645
19950329,255,904,858,30,959,335,157
19950330,575,409,448,618,896,607,990
19950331,712,38,987,827,772,740,856
19950401,927,872,635,755,788,728,266
19950402,687,42,978,751,396,834,646
19950403,81,771,899,925,891,304,915
19950404,949,775,255,875,717,17,412
19950405,721,921,118,484,853,274,459
19950406,114,125,14,305,312,195,381
19950407,85,583,77,430,420,595,122
19950408,976,455,8,411,866,297,986
19950409,360,67,859,287,892,518,70
19950410,537,364,1006,1000,886,618,73
19950411,512,967,112,592,554,574,865
19950412,816,611,484,930,781,458,214
19950413,412,45,471,131,785,777,744
19950414,994,571,386,718,571,292,524
19950415,683,117,501,559,105,925,26
19950416,285,605,822,259,679,938,690
19950417,205,349,927,763,879,851,954
19950418,1014,690,973,744,183,10,99
19950419,275,987,740,636,707,691,403
19950420,993,561,963,758,265,29,12
19950421,486,933,886,215,647,866,630
19950422,855,429,616,265,793,503,818
19950423,688,576,500,320,698,988,930
19950424,965,947,161,336,458,908,296
19950425,321,757,523,683,979,764,434
19950426,114,421,812,455,451,587,83
19950427,642,215,739,563,1020,582,122
19950428,170,476,812,518,1010,954,893
19950429,906,407,30,353,713,574,608
19950430,351,239,164,644,558,833,898
19950501,785,536,656,106,42,990,21
19950502,199,787,948,858,765,484,384
19950503,144,832,516,133,831,731,292
19950504,595,123,371,377,335,528,974
19950505,404,193,181,198,381,26,625
19950506,700,165,2,626,84,1018,896
19950507,1016,74,98,843,943,778,380
19950508,1011,193,730,998,889,301,705
19950509,624,394,558,726,527,893,574
19950510,1020,816,523,371,895,130,302
19950511,937,934,967,927,914,744,980
19950512,933,952,480,339,773,774,177
19950513,784,605,831,231,695,17,178
19950514,583,340,670,286,579,541,508
19950515,9,625,513,905,243,271,843
19950516,95,672,678,944,709,268,919
19950517,717,775,690,223,658,633,922
19950518,844,231,87,681,513,759,102
19950519,40,589,989,46,41,534,1015
19950520,75,733,979,984,14,577,195
19950521,177,958,363,894,993,165,426
19950522,308,596,107,311,893,45,69
19950523,247,558,809,216,734,491,981
19950524,363,446,788,59,25,470,784
19950525,453,519,503,992,185,869,34
19950526,459,346,70,167,371,994,5
19950527,1016,8,183,988,249,488,19
19950528,447,993,28,895,243,319,346
19950529,887,145,748,369,922,514,419
19950530,130,727,201,408,677,697,680
19950531,108,185,147,609,636,892,760
19950601,278,261,832,53,86,779,185
19950602,197,471,17,366,112,168,990
19950603,886,321,313,555,734,416,853
19950604,36,9,938,745,503,823,521
19950605,674,441,45,989,544,660,744
19950606,722,647,70,504,698,406,932
19950607,972,344,486,599,146,574,987
19950608,502,193,115,992,311,655,1002
19950609,868,763,939,227,158,989,362
19950610,982,156,947,948,835,1021,662
19950611,491,328,558,59,253,503,144
19950612,84,741,441,324,545,385,367
19950613,809,629,776,735,397,109,784
19950614,322,868,83,255,668,74,606
19950615,349,62,912,909,277,2,241
19950616,196,335,975,49,602,714,354
19950617,769,800,641,450,564,272,211
19950618,803,671,118,188,443,1007,322
19950619,571,508,804,944,533,106,638
19950620,341,96,831,875,373,314,914
19950621,153,519,235,198,912,573,117
19950622,738,756,773,170,673,429,53
19950623,358,831,637,964,989,944,153
19950624,122,117,391,230,303,776,510
19950625,472,382,518,976,836,951,848
19950626,1010,863,805,670,227,262,447
19950627,727,328,377,430,342,42,346
19950628,449,117,570,691,369,137,482
19950629,657,875,521,222,619,563,945
19950630,341,297,919,1019,290,501,56
19950701,19,420,1005,834,622,8,652
19950702,713,37,887,708,478,469,864
19950703,99,985,255,339,235,524,924
19950704,357,385,498,717,945,1016,791
19950705,721,352,28,572,785,269,529
19950706,457,805,58,765,543,360,485
19950707,928,812,953,294,1016,1005,561
19950708,637,784,630,870,233,131,905
19950709,987,943,66,567,713,355,704
19950710,8,238,355,745,117,686,267
19950711,407,209,864,384,107,679,346
19950712,645,597,888,651,397,143,581
19950713,687,805,57,795,333,206,153
19950714,1015,629,393,723,592,974,554
19950715,994,321,370,554,655,466,513
19950716,753,370,478,924,228,183,365
19950717,609,670,122,151,148,386,776
19950718,342,674,622,67,487,482,1012
19950719,448,14,261,288,924,321,886
19950720,336,183,805,441,607,375,184
19950721,715,305,558,209,218,359,688
19950722,191,830,987,418,342,914,493
19950723,809,364,215,615,947,1023,137
19950724,669,219,292,490,156,741,465
19950725,770,997,949,78,691,776,158
19950726,825,73,381,48,608,73,317
19950727,230,185,597,310,622,319,432
19950728,922,414,144,682,43,707,9
19950729,26,927,307,746,91,675,856
19950730,756,571,449,503,462,870,1014
19950731,891,960,657,666,98,249,167
19950801,7,1011,873,29,2,833,694
19950802,32,367,1002,212,525,91,57
19950803,645,235,221,427,395,519,84
19950804,523,780,848,432,805,182,346
19950805,540,599,191,264,306,676,517
19950806,249,703,646,415,55,56,177
19950807,582,322,495,766,775,245,83
19950808,762,78,223,900,523,257,135
19950809,788,410,607,487,160,210,775
19950810,473,718,375,603,99,895,437
19950811,335,977,369,455,468,504,957
19950812,624,443,14,95,868,78,125
19950813,726,115,172,642,214,551,725
19950814,899,601,60,796,171,473,379
19950815,421,578,472,418,946,225,717
19950816,776,964,949,167,670,992,995
19950817,914,366,654,865,377,545,215
19950818,343,492,281,974,888,323,25
19950819,360,173,811,980,506,937,154
19950820,728,902,289,973,797,112,686
19950821,98,324,448,11,751,358,389
19950822,568,420,17,387,32,595,748
19950823,68,225,28,377,1016,133,447
19950824,89,685,836,579,318,884,856
19950825,944,388,458,503,80,513,280
19950826,767,798,435,119,629,931,65
19950827,938,866,956,103,701,145,275
19950828,106,471,744,181,455,391,577
19950829,638,257,288,700,733,653,377
19950830,80,214,399,175,153,352,690
19950831,665,265,509,187,342,304,550
19950901,163,241,726,625,737,133,954
19950902,913,417,314,1008,373,163,802
19950903,931,948,136,289,90,557,190
19950904,964,506,233,347,711,17,324
19950905,712,122,789,710,204,29,727
19950906,81,40,883,202,163,880,926
19950907,966,597,800,743,893,710,833
19950908,566,806,717,590,454,712,125
19950909,367,201,928,746,950,501,502
19950910,407,796,784,661,518,140,471
19950911,28,544,910,242,967,661,962
19950912,701,1006,982,0,72,398,366
19950913,863,813,385,191,422,261,815
19950914,332,435,204,132,412,276,117
19950915,365,747,920,1005,436,436,680
19950916,42,518,562,233,900,19,168
19950917,449,141,419,309,45,935,802
19950918,680,888,788,16,108,939,457
19950919,890,717,638,149,682,943,616
19950920,781,2,401,542,788,651,301
19950921,710,187,542,561,687,412,434
19950922,228,111,596,516,834,248,767
19950923,348,537,34,812,302,647,592
19950924,745,513,757,976,270,551,881
19950925,512,582,866,736,783,494,135
19950926,558,544,341,811,224,131,642
19950927,824,547,235,966,838,408,650
19950928,204,511,826,241,124,761,512
19950929,939,187,515,498,999,460,1011
19950930,873,172,724,146,379,995,194
19951001,866,993,787,226,776,945,530
19951002,394,106,639,498,515,630,256
19951003,20,725,962,486,872,693,906
19951004,847,979,445,206,825,143,76
19951005,704,587,127,387,123,1005,109
19951006,4,277,139,369,446,478,185
19951007,308,445,300,352,816,253,229
19951008,912,734,218,972,432,227,51
19951009,550,778,565,492,420,318,273
19951010,555,446,972,689,509,845,452
19951011,974,510,910,111,103,994,125
19951012,296,813,642,333,132,600,25
19951013,237,828,161,699,480,800,249
19951014,195,312,477,514,109,354,81
19951015,593,807,797,677,68,125,468
19951016,686,883,932,136,339,519,1011
19951017,1021,652,212,800,78,604,746
19951018,168,741,375,450,348,534,560
19951019,47,260,590,252,311,831,836
19951020,457,529,617,651,600,143,260
19951021,376,204,133,369,528,587,382
19951022,336,678,553,798,18,242,964
19951023,11,596,304,318,90,223,44
19951024,298,969,886,703,459,796,167
19951025,423,732,232,186,1018,826,1008
19951026,882,655,317,730,638,922,202
19951027,271,706,295,839,638,49,302
19951028,798,439,609,8,355,405,185
19951029,242,481,464,787,833,964,47
19951030,50,801,321,859,797,553,6
19951031,505,91,194,411,79,687,278
19951101,27,943,372,452,771,826,543
19951102,962,918,921,229,525,952,803
19951103,186,325,5,867,874,342,913
19951104,881,320,68,521,124,247,294
19951105,166,801,613,788,314,979,854
19951106,674,234,479,820,519,643,160
19951107,407,154,227,201,149,679,336
19951108,95,117,985,16,980,100,858
19951109,678,841,887,832,405,255,606
19951110,289,243,603,145,665,566,590
19951111,867,15,188,881,86,579,414
19951112,772,175,897,451,619,870,458
19951113,618,34,914,562,734,429,546
19951114,176,391,708,373,792,421,827
19951115,979,170,47,995,908,961,204
19951116,520,745,929,731,166,2,207
19951117,406,1017,449,903,750,686,547
19951118,50,955,438,918,12,768,989
19951119,822,128,326,836,882,475,80
19951120,302,64,643,21,100,700,142
19951121,412,455,2,315,767,218,204
19951122,197,100,284,842,714,125,264
19951123,438,750,602,19,395,305,686
19951124,29,914,798,37,798,224,280
19951125,468,183,605,237,637,452,256
19951126,347,38,943,79,1011,888,336
19951127,940,967,410,495,837,532,648
19951128,818,715,415,164,209,897,172
19951129,612,19,835,69,604,635,341
19951130,431,806,785,276,522,272,618
19951201,99,844,5,498,590,856,808
19951202,628,611,724,604,992,351,112
19951203,645,455,939,317,302,733,155
19951204,230,173,182,148,1010,902,607
19951205,23,339,330,912,150,484,661
19951206,206,346,907,469,562,410,80
19951207,826,716,271,776,854,851,529
19951208,262,716,141,142,856,97,524
19951209,630,698,691,123,793,173,701
19951210,178,989,350,616,226,831,89
19951211,502,43,792,401,821,774,433
19951212,84,659,471,296,599,920,723
19951213,992,108,729,915,193,240,177
19951214,708,112,871,948,99,921,348
19951215,86,12,29,649,752,50,366
19951216,651,371,416,398,857,863,874
19951217,873,599,90,401,154,746,669
19951218,161,702,686,948,653,1001,336
19951219,181,547,197,7,795,900,952
19951220,851,600,974,579,147,305,572
19951221,848,926,357,415,507,967,503
19951222,854,84,951,709,546,419,625
19951223,684,209,709,338,834,198,494
19951224,1010,450,752,448,874,201,837
19951225,690,780,33,751,288,711,557
19951226,1019,458,860,38,496,227,140
19951227,305,814,594,250,868,558,608
19951228,211,1003,510,508,497,217,182
19951229,567,945,44,979,925,760,832
19951230,694,438,879,825,643,12,954
19951231,763,534,404,66,77,241,345
19960101,135,11,762,866,540,635,1023
19960102,716,813,70,459,781,609,985
19960103,268,188,948,1009,88,850,382
19960104,807,616,77,959,923,335,761
19960105,667,382,801,164,636,391,326
19960106,278,516,347,441,819,198,906
19960107,238,292,145,219,501,999,811
19960108,585,744,866,729,475,750,126
19960109,61,144,410,10,905,1010,906
19960110,399,76,680,708,912,1010,790
19960111,886,40,592,935,383,871,282
19960112,573,864,272,223,2,638,272
19960113,117,433,848,828,476,229,528
19960114,193,280,219,475,144,710,449
19960115,151,834,877,579,89,680,51
19960116,154,866,172,606,540,589,60
19960117,813,262,1011,3,475,431,867
19960118,812,298,347,873,945,722,409
19960119,276,316,718,398,54,187,19
19960120,608,91,629,113,461,206,533
19960121,505,712,829,56,258,331,1014
19960122,605,240,611,506,892,449,487
19960123,866,51,33,682,421,855,355
19960124,441,561,261,158,630,534,496
19960125,482,1010,686,462,563,425,993
19960126,976,37,49,837,158,1008,969
19960127,396,775,405,707,987,91,131
19960128,938,924,629,508,683,91,383
19960129,410,944,877,452,552,324,16
19960130,407,62,758,312,0,733,138
19960131,596,870,456,544,9,435,605
19960201,218,361,9,736,833,274,98
19960202,589,373,331,256,933,697,607
19960203,109,600,162,300,517,202,399
19960204,164,81,387,3,640,21,627
19960205,61,96,83,636,476,569,478
19960206,62,63,106,543,895,190,554
19960207,890,272,660,920,428,838,285
19960208,125,285,28,849,588,539,910
19960209,375,314,973,593,251,510,838
19960210,641,787,408,416,0,190,729
19960211,918,251,127,968,42,860,230
19960212,978,836,892,408,958,227,843
19960213,532,646,10,766,947,455,78
19960214,81,959,450,276,229,529,192
19960215,197,250,750,869,714,351,439
19960216,573,260,800,754,872,634,874
19960217,391,219,654,693,1000,671,436
19960218,76,200,478,740,412,474,21
19960219,662,624,206,340,264,767,124
19960220,368,525,554,84,459,969,651
19960221,673,382,542,382,202,189,949
19960222,612,159,216,797,405,904,589
19960223,17,175,107,729,905,503,26
19960224,382,400,536,822,130,885,814
19960225,479,785,3,724,1022,697,645
19960226,883,577,271,262,162,499,44
19960227,756,434,194,112,38,746,599
19960228,189,706,633,284,863,678,794
19960229,453,964,472,133,976,248,342
19960301,147,405,751,696,904,922,421
19960302,970,298,169,317,139,263,147
19960303,104,600,541,59,319,565,411
19960304,331,138,411,491,258,293,647
19960305,675,168,777,817,952,624,727
19960306,85,654,799,468,47,673,384
19960307,41,181,998,26,941,137,899
19960308,657,675,371,291,520,612,902
19960309,77,712,896,76,534,165,971
19960310,827,76,617,809,717,672,770
19960311,279,89,485,1006,224,446,32
19960312,137,518,223,701,530,367,1023
19960313,911,512,531,708,449,499,144
19960314,688,255,191,822,136,139,930
19960315,136,909,670,553,496,637,985
19960316,562,513,300,1010,302,580,934
19960317,289,444,0,431,616,634,742
19960318,289,1014,601,853,503,744,8
19960319,877,573,84,414,252,765,407
19960320,75,832,73,329,145,435,93
19960321,997,326,140,476,533,931,150
19960322,303,609,278,193,883,728,6
19960323,718,718,348,546,823,134,438
19960324,73,10,780,327,408,942,307
19960325,523,651,823,628,159,360,213
19960326,669,814,715,545,162,908,152
19960327,533,791,481,564,106,914,2
19960328,459,582,370,989,170,662,403
19960329,185,402,38,466,81,268,918
19960330,85,871,779,896,290,726,634
19960331,691,372,844,13,486,308,476
19960401,67,470,403,304,521,520,804
19960402,40,106,316,228,37,350,173
19960403,249,359,369,108,328,187,961
19960404,602,997,990,404,34,111,441
19960405,100,422,975,117,901,486,446
19960406,677,76,843,887,0,164,524
19960407,451,318,698,249,2,752,44
19960408,139,506,998,33,952,530,842
19960409,905,78,634,974,96,500,162
19960410,470,641,603,346,158,650,315
19960411,933,486,362,516,522,504,4
19960412,35,766,980,487,8,836,164
19960413,244,569,119,862,704,102,369
19960414,507,489,901,185,113,264,758
19960415,295,126,783,526,570,612,726
19960416,279,727,872,311,954,461,802
19960417,567,438,165,67,569,218,815
19960418,385,516,26,988,110,103,100
19960419,751,576,565,254,398,158,305
19960420,898,449,881,699,514,293,913
19960421,144,693,591,492,626,191,735
19960422,67,831,532,976,888,133,406
19960423,399,227,934,620,421,445,19
19960424,337,595,586,100,206,145,285
19960425,679,170,89,932,504,665,985
19960426,364,177,790,361,619,534,792
19960427,565,167,657,754,176,985,931
19960428,935,280,900,72,664,642,662
19960429,905,594,623,525,587,759,88
19960430,123,732,986,509,783,738,842
19960501,310,547,930,890,930,22,236
19960502,544,548,33,670,309,836,761
19960503,223,278,590,603,848,876,61
19960504,1,832,855,79,554,284,622
19960505,323,343,446,253,813,733,1010
19960506,32,660,659,49,649,41,359
19960507,662,81,375,144,930,575,256
19960508,269,238,429,664,71,309,99
19960509,1020,913,606,398,675,289,456
19960510,75,604,911,726,450,138,365
19960511,569,258,718,433,609,538,806
19960512,96,807,288,350,842,822,49
19960513,907,223,586,783,335,530,182
19960514,873,263,374,499,569,681,523
19960515,17,960,513,937,393,458,466
19960516,855,480,352,959,776,870,318
19960517,742,847,321,771,694,435,959
19960518,967,208,44,668,15,577,879
19960519,719,727,660,295,857,218,943
19960520,719,198,507,477,440,969,546
19960521,535,788,1023,115,1004,503,1012
19960522,438,381,325,1010,116,110,294
19960523,285,829,616,213,467,387,73
19960524,1015,794,816,362,812,440,921
19960525,284,737,107,4,253,954,481
19960526,532,996,680,1022,224,120,543
19960527,390,794,318,478,367,183,503
19960528,65,123,1009,192,428,655,707
19960529,1,809,507,141,5,677,257
19960530,106,847,748,809,189,290,600
19960531,35,884,632,618,660,226,771
19960601,452,724,755,670,391,123,615
19960602,353,291,934,10,132,473,666
19960603,726,965,483,560,248,535,529
19960604,592,149,882,97,412,648,489
19960605,642,798,698,340,922,358,244
19960606,594,655,958,742,423,437,622
19960607,698,919,806,105,700,308,727
19960608,393,320,614,457,269,403,325
19960609,302,122,864,526,328,577,335
19960610,240,619,140,424,66,799,858
19960611,968,93,870,842,157,470,737
19960612,396,296,663,503,602,61,420
19960613,921,865,350,7,741,40,1001
19960614,872,463,135,619,377,11,628
19960615,430,405,726,116,550,324,927
19960616,109,589,380,250,277,37,402
19960617,376,295,736,834,911,679,665
19960618,1020,132,618,300,221,766,484
19960619,101,40,118,570,833,136,49
19960620,191,832,134,123,99,95,312
19960621,435,688,718,812,49,469,823
19960622,1023,986,100,164,415,320,239
19960623,468,78,713,76,30,895,608
19960624,582,742,173,408,308,37,84
19960625,567,956,238,232,268,917,482
19960626,951,773,471,586,153,707,666
19960627,502,433,65,536,337,939,1
19960628,562,534,675,384,221,112,892
19960629,348,575,736,139,567,431,790
19960630,581,410,845,18,984,362,166
19960701,382,49,816,743,535,150,480
19960702,808,386,370,6,131,30,604
19960703,993,256,494,526,1002,22,1006
19960704,126,782,726,337,150,131,122
19960705,812,917,135,114,619,103,1004
19960706,869,290,469,33,533,840,570
19960707,367,907,632,599,122,905,486
19960708,190,768,28,366,894,686,688
19960709,876,886,167,302,164,178,76
19960710,881,724,331,437,821,641,496
19960711,71,151,909,93,329,1007,105
19960712,852,426,441,990,818,418,356
19960713,377,944,774,816,659,124,82
19960714,9,182,631,934,1013,179,928
19960715,858,745,118,428,435,794,540
19960716,236,744,1019,28,123,961,207
19960717,975,140,891,868,507,774,787
19960718,671,413,247,873,654,695,702
19960719,404,447,284,537,442,306,171
19960720,237,517,244,597,936,844,12
19960721,360,760,641,4,756,716,701
19960722,631,259,986,91,15,314,249
19960723,164,868,184,962,93,385,104
19960724,401,822,634,635,147,408,1000
19960725,317,778,236,511,634,909,842
19960726,255,925,951,927,205,388,624
19960727,281,111,697,442,804,127,47
19960728,676,893,28,343,309,373,354
19960729,967,710,614,809,291,451,206
19960730,963,398,192,623,243,709,130
19960731,835,755,526,250,98,501,584
19960801,277,263,391,327,119,129,119
19960802,456,71,490,768,239,766,501
19960803,85,666,814,611,130,723,241
19960804,930,698,519,157,950,195,551
19960805,295,831,236,416,815,135,384
19960806,506,39,97,3,721,669,236
19960807,154,273,43,93,157,307,381
19960808,220,473,978,742,8,97,438
19960809,229,522,838,883,274,872,714
19960810,515,339,636,171,523,160,770
19960811,577,480,428,927,786,964,946
19960812,790,86,777,668,930,550,947
19960813,475,952,607,778,1017,300,706
19960814,739,904,165,158,847,988,735
19960815,401,619,849,65,1018,729,384
19960816,797,814,223,983,698,495,169
19960817,86,999,350,211,215,244,402
19960818,521,232,190,38,735,279,257
19960819,248,1023,255,786,693,257,973
19960820,398,275,868,159,710,39,138
19960821,902,665,510,173,597,167,388
19960822,106,864,27,349,983,456,21
19960823,983,45,666,35,412,316,752
19960824,546,451,863,378,377,125,1001
19960825,910,741,483,889,122,948,1014
19960826,476,126,666,409,757,307,647
19960827,783,642,667,959,819,722,505
19960828,367,730,734,1003,585,919,233
19960829,473,667,15,466,142,404,807
19960830,1006,442,44,258,726,949,317
19960831,988,313,310,1016,6,13,418
19960901,925,1010,738,138,306,807,173
19960902,256,983,351,2,727,283,107
19960903,699,139,111,934,161,699,145
19960904,949,934,259,202,272,523,34
19960905,137,1015,434,439,445,610,911
19960906,533,656,450,813,803,57,636
19960907,514,525,601,846,966,468,321
19960908,531,639,378,489,181,295,360
19960909,163,261,122,645,851,839,312
19960910,731,637,830,800,57,14,713
19960911,308,666,984,639,869,691,104
19960912,541,170,957,188,180,788,331
19960913,744,753,56,561,256,978,27
19960914,93,15,802,428,374,969,214
19960915,296,416,769,205,425,957,895
19960916,461,187,122,326,509,91,215
19960917,209,76,1011,183,423,153,513
19960918,757,644,235,515,522,265,972
19960919,931,387,421,358,359,633,441
19960920,715,798,241,533,321,56,12
19960921,840,437,726,826,303,371,504
19960922,573,602,3,304,771,211,825
19960923,320,509,546,340,865,416,817
19960924,334,466,957,1018,37,798,547
19960925,231,791,340,621,632,212,511
19960926,776,760,474,262,454,249,242
19960927,235,586,136,682,419,825,130
19960928,955,79,814,891,91,25,767
19960929,3,474,251,498,618,1004,948
19960930,115,934,990,791,845,101,842
19961001,1016,453,258,591,735,783,41
19961002,723,472,429,916,582,942,470
19961003,857,211,138,895,226,768,631
19961004,797,593,749,406,147,631,883
19961005,896,916,825,18,815,305,536
19961006,710,774,908,503,923,54,704
19961007,585,696,1008,21,1007,836,621
19961008,137,116,381,453,784,397,208
19961009,23,145,624,69,497,227,592
19961010,425,781,117,804,976,40,134
19961011,533,978,846,235,885,293,936
19961012,286,318,281,209,728,565,287
19961013,1008,449,385,497,337,502,515
19961014,884,286,345,915,532,27,380
19961015,848,859,851,837,625,641,1021
19961016,233,22,575,995,683,202,828
19961017,570,159,314,690,127,901,790
19961018,227,266,457,484,180,785,88
19961019,963,422,380,869,197,348,819
19961020,834,730,524,760,675,454,554
19961021,614,52,976,772,663,198,488
19961022,333,720,212,359,880,251,614
19961023,856,1013,755,118,913,323,268
19961024,785,759,190,46,283,216,88
19961025,320,567,242,408,508,669,234
19961026,848,80,956,8,138,420,856
19961027,361,642,392,59,813,491,17
19961028,100,347,878,588,289,100,580
19961029,732,217,44,706,900,704,770
19961030,92,129,891,736,775,262,22
19961031,485,895,172,315,63,481,102
19961101,64,563,336,733,546,588,483
19961102,524,673,298,781,827,411,70
19961103,924,104,466,0,307,834,302
19961104,883,152,180,672,467,241,755
19961105,727,742,423,192,444,337,876
19961106,46,323,204,527,653,23,356
19961107,490,193,909,477,93,1004,755
19961108,189,873,379,370,199,117,76
19961109,671,10,239,1004,367,464,236
19961110,177,972,540,694,736,625,619
19961111,394,915,471,466,464,562,329
19961112,87,412,837,870,546,497,633
19961113,709,473,417,1006,268,249,516
19961114,150,669,280,2,193,152,974
19961115,122,519,585,75,914,642,554
19961116,953,1014,540,406,1022,1010,731
19961117,391,303,343,834,128,51,333
19961118,1019,762,879,184,399,530,250
19961119,264,785,979,505,146,107,1016
19961120,872,370,95,671,889,152,265
19961121,943,36,554,112,4,359,599
19961122,715,588,974,62,705,632,456
19961123,710,509,481,781,795,407,636
19961124,822,193,230,638,188,999,907
19961125,750,900,536,189,1014,852,167
19961126,591,552,883,1017,1004,260,59
19961127,939,727,270,859,673,142,331
19961128,497,815,471,610,208,755,145
19961129,946,355,759,859,1023,172,291
19961130,881,222,964,169,862,278,392
19961201,152,1001,389,1002,48,800,809
19961202,982,385,886,209,557,499,441
19961203,492,603,224,923,189,629,285
19961204,791,426,855,27,769,107,523
19961205,109,591,666,283,456,207,231
19961206,570,933,216,1013,88,101,2
19961207,908,1008,836,549,73,931,371
19961208,523,792,709,896,1004,1012,292
19961209,123,573,728,600,112,691,512
19961210,941,138,520,90,775,1017,695
19961211,977,28,709,789,531,248,83
19961212,512,870,721,807,725,839,796
19961213,709,675,823,678,738,14,335
19961214,1013,279,498,849,575,172,230
19961215,486,819,893,396,535,71,715
19961216,194,47,673,639,828,128,629
19961217,314,237,290,230,202,354,49
19961218,335,816,196,130,689,196,533
19961219,625,927,187,200,193,680,810
19961220,758,331,845,336,203,960,454
19961221,716,575,302,135,968,75,122
19961222,667,65,462,863,269,994,581
19961223,659,599,1011,843,47,282,900
19961224,793,87,174,593,52,573,308
19961225,14,970,357,935,107,312,231
19961226,513,428,437,732,795,55,658
19961227,976,434,887,498,393,825,480
19961228,896,275,12,472,860,904,341
19961229,664,766,887,1011,818,835,433
19961230,644,368,275,1014,738,12,48
19961231,651,919,766,733,752,778,167
19970101,498,761,333,409,372,1002,198
19970102,168,457,425,456,395,811,106
19970103,512,833,940,269,188,174,903
19970104,482,635,1009,875,530,134,188
19970105,831,1005,799,465,355,439,63
19970106,618,155,849,150,186,500,812
19970107,15,592,652,427,45,639,632
19970108,110,555,646,244,232,330,197
19970109,579,943,479,512,898,704,886
19970110,888,726,40,623,120,171,540
19970111,150,709,279,690,518,798,263
19970112,873,751,127,772,237,192,711
19970113,271,778,152,348,132,546,352
19970114,470,90,344,852,764,256,676
19970115,118,844,272,229,992,24,971
19970116,648,896,846,526,916,130,336
19970117,461,152,406,1017,231,222,437
19970118,773,374,496,785,460,906,396
19970119,772,882,736,517,614,124,646
19970120,633,1008,273,305,938,567,89
19970121,5,759,80,41,258,23,973
19970122,78,5,8,500,467,362,508
19970123,946,872,852,317,680,919,300
19970124,22,318,67,778,31,215,689
19970125,801,531,258,540,916,504,87
19970126,575,1005,727,348,262,614,835
19970127,187,279,931,91,1021,956,531
19970128,281,60,696,661,936,51,611
19970129,452,341,421,876,599,55,277
19970130,241,522,468,19,173,954,206
19970131,879,691,189,583,496,437,724
19970201,136,919,806,668,646,426,582
19970202,984,229,624,215,666,168,141
19970203,419,308,27,932,98,328,725
19970204,1008,988,948,104,386,82,90
19970205,832,841,693,199,472,921,316
19970206,815,224,1021,1010,902,694,983
19970207,282,685,54,737,276,818,719
19970208,267,400,810,428,749,30,789
19970209,690,990,364,957,167,598,10
19970210,257,183,0,610,595,194,169
19970211,267,365,167,662,436,815,886
19970212,650,166,337,477,898,294,755
19970213,1019,572,724,692,1022,724,947
19970214,580,498,148,266,383,465,760
19970215,636,42,302,967,460,243,339
19970216,779,467,586,815,721,155,40
19970217,958,503,206,891,992,373,196
19970218,569,342,385,999,1015,163,65
19970219,321,103,476,327,208,918,674
19970220,414,91,304,142,126,899,938
19970221,1020,497,958,945,415,633,54
19970222,21,968,225,778,147,307,364
19970223,61,232,783,497,711,865,933
19970224,241,879,343,520,874,319,871
19970225,458,819,622,535,483,489,607
19970226,613,504,481,354,726,926,171
19970227,821,156,735,273,851,521,204
19970228,326,511,603,708,737,526,500
19970301,872,272,384,780,397,702,392
19970302,761,658,338,688,634,309,940
19970303,571,838,539,684,676,519,857
19970304,628,582,464,137,338,889,292
19970305,29,328,310,408,265,646,557
19970306,921,768,608,856,495,351,817
19970307,749,552,917,102,94,956,758
19970308,380,88,7,403,844,401,607
19970309,690,496,107,811,543,568,803
19970310,277,774,511,533,289,118,365
19970311,348,993,982,975,460,493,914
19970312,863,876,483,159,590,228,383
19970313,1002,826,972,998,537,743,79
19970314,405,768,687,213,546,620,4
19970315,823,845,87,29,672,293,502
19970316,153,868,605,295,830,619,570
19970317,56,130,887,784,969,946,649
19970318,422,141,522,210,462,572,296
19970319,930,260,278,767,158,91,249
19970320,257,735,536,774,375,303,204
19970321,685,49,440,388,455,202,165
19970322,561,511,920,666,481,862,339
19970323,173,345,883,256,306,964,845
19970324,9,656,858,372,424,295,695
19970325,319,463,115,5,404,405,813
19970326,990,375,930,975,479,642,863
19970327,847,1002,527,358,597,154,528
19970328,470,1016,967,447,633,808,587
19970329,915,800,233,408,146,411,696
19970330,376,944,991,248,791,438,746
19970331,950,649,747,511,849,158,232
19970401,109,114,61,744,466,142,330
19970402,791,172,437,162,184,762,215
19970403,547,480,98,162,959,611,102
19970404,461,476,155,789,105,323,660
19970405,236,167,260,438,716,17,867
19970406,886,338,984,34,240,961,250
19970407,822,483,196,361,714,505,37
19970408,52,762,378,15,753,1018,847
19970409,382,468,780,453,890,691,327
19970410,590,462,368,270,656,536,361
19970411,751,422,602,579,282,965,379
19970412,649,511,0,349,1007,263,51
19970413,326,408,755,666,77,99,267
19970414,453,830,587,983,166,109,645
19970415,353,706,286,494,336,568,835
19970416,417,420,14,868,661,277,375
19970417,598,90,977,503,192,553,89
19970418,41,1008,907,205,441,310,189
19970419,495,105,71,744,581,658,944
19970420,793,110,668,303,880,731,653
19970421,348,588,425,241,719,84,759
19970422,1015,462,784,808,997,377,893
19970423,691,359,24,616,426,919,440
19970424,415,849,74,618,345,935,417
19970425,48,451,298,1,860,799,663
19970426,127,557,131,288,23,138,862
19970427,0,130,657,554,556,593,520
19970428,761,265,375,668,173,369,239
19970429,364,638,798,754,463,942,562
19970430,976,885,562,25,303,665,66
19970501,93,508,499,312,750,974,174
19970502,79,382,53,821,943,674,143
19970503,255,852,840,264,760,817,322
19970504,296,582,720,717,707,746,805
19970505,141,630,856,466,113,846,206
19970506,170,659,23,480,642,321,974
19970507,150,285,0,936,385,460,703
19970508,470,602,366,401,964,1011,903
19970509,963,677,275,285,877,868,930
19970510,494,910,988,429,949,33,807
19970511,967,972,403,892,128,549,118
19970512,270,349,957,672,699,180,13
19970513,648,578,291,509,771,135,281
19970514,816,181,331,444,33,767,79
19970515,303,795,505,494,643,31,551
19970516,409,987,811,390,288,479,404
19970517,525,85,96,727,59,274,963
19970518,993,426,32,876,615,429,621
19970519,504,781,417,66,694,903,423
19970520,282,702,662,448,231,580,614
19970521,542,137,663,427,729,213,25
19970522,970,224,412,54,949,820,368
19970523,498,640,694,787,523,274,580
19970524,537,378,3,328,659,366,408
19970525,378,82,419,507,359,523,999
19970526,448,124,852,618,836,751,743
19970527,852,89,710,928,375,440,107
19970528,204,900,712,128,886,314,322
19970529,27,502,558,860,901,941,194
19970530,8,948,1020,472,701,566,583
19970531,621,394,865,867,1009,953,619
19970601,324,527,308,131,959,440,142
19970602,645,861,797,614,95,877,429
19970603,420,147,823,836,454,259,789
19970604,305,587,440,15,529,511,394
19970605,660,453,556,380,487,234,813
19970606,314,436,93,343,914,181,920
19970607,72,374,759,567,186,93,255
19970608,71,89,637,434,838,640,298
19970609,790,785,402,145,58,569,115
19970610,523,270,118,641,1009,496,647
19970611,388,38,806,218,536,598,39
19970612,803,697,1004,704,365,640,46
19970613,422,461,744,757,222,46,358
19970614,803,595,889,254,361,927,539
19970615,155,2,547,32,662,799,446
19970616,587,271,529,862,276,847,927
19970617,716,712,556,490,410,49,652
19970618,321,398,359,676,444,612,416
19970619,403,62,39,239,189,972,826
19970620,574,691,180,955,795,33,849
19970621,991,940,282,378,895,369,1002
19970622,897,35,608,365,75,629,873
19970623,222,660,82,653,540,725,795
19970624,847,838,138,79,546,973,660
19970625,521,543,271,273,1003,446,416
19970626,708,362,1015,550,10,442,78
19970627,166,125,413,252,180,329,368
19970628,385,39,30,185,821,789,493
19970629,1008,692,672,944,965,292,531
19970630,210,999,286,482,843,398,205
19970701,903,178,402,760,849,338,845
19970702,1014,716,81,554,66,939,958
19970703,46,157,617,112,894,898,291
19970704,143,447,156,105,933,278,710
19970705,244,38,200,299,29,115,490
19970706,1000,873,673,6,920,118,406
19970707,923,674,701,675,445,45,701
19970708,621,505,503,398,865,563,272
19970709,396,855,250,1000,264,64,413
19970710,1018,598,8,730,588,956,303
19970711,767,331,795,295,803,470,199
19970712,871,859,933,226,277,102,419
19970713,799,928,677,195,212,620,195
19970714,779,383,878,447,762,223,33
19970715,468,398,60,769,1005,946,406
19970716,396,178,14,727,470,922,364
19970717,303,323,137,5,416,92,520
19970718,664,870,1005,199,755,869,957
19970719,700,698,357,511,278,230,22
19970720,177,963,893,173,908,285,389
19970721,191,329,573,803,616,929,668
19970722,244,692,444,923,284,333,966
19970723,339,408,523,931,247,989,736
19970724,780,849,828,820,17,330,35
19970725,767,844,654,607,273,892,795
19970726,689,371,179,892,990,861,450
19970727,971,981,83,910,902,388,734
19970728,450,533,973,575,384,891,944
19970729,813,210,470,530,838,528,825
19970730,768,179,604,222,451,387,739
19970731,939,470,421,1021,398,288,86
19970801,961,752,231,489,865,670,605
19970802,385,910,499,225,473,339,175
19970803,995,482,56,51,918,572,728
19970804,973,784,849,824,322,145,735
19970805,683,816,892,691,792,644,549
19970806,196,873,374,50,299,551,750
19970807,227,478,854,1004,989,806,622
19970808,466,137,999,554,915,241,494
19970809,199,626,975,691,770,823,41
19970810,625,265,673,935,391,211,629
19970811,650,164,960,724,315,627,336
19970812,634,910,410,941,137,435,211
19970813,401,583,128,49,176,1020,973
19970814,890,263,731,372,993,598,674
19970815,214,729,766,949,465,556,284
19970816,65,321,97,64,534,990,288
19970817,137,994,99,408,481,298,704
19970818,808,787,183,813,353,864,1015
19970819,961,659,755,809,916,166,786
19970820,439,694,301,259,425,1007,944
19970821,422,980,337,587,805,64,906
19970822,86,41,441,739,192,492,519
19970823,928,348,429,256,946,718,383
19970824,1005,663,197,402,450,495,357
19970825,842,310,496,355,469,102,480
19970826,650,847,564,334,681,18,585
19970827,345,475,788,2,366,98,884
19970828,396,240,896,407,67,247,922
19970829,373,815,966,876,1009,219,745
19970830,862,828,308,440,260,799,507
19970831,1022,379,661,64,879,628,154
19970901,544,807,43,537,490,846,760
19970902,168,607,622,335,520,1003,265
19970903,897,438,318,845,914,970,87
19970904,21,461,193,707,439,668,998
19970905,11,555,504,515,456,879,57
19970906,483,174,377,695,717,118,517
19970907,444,668,961,250,187,352,151
19970908,240,929,807,725,849,942,992
19970909,327,316,595,784,750,24,723
19970910,896,101,1010,119,206,340,232
19970911,839,653,71,897,464,569,327
19970912,623,836,136,344,504,39,367
19970913,30,888,705,384,36,712,121
19970914,53,443,129,242,533,483,496
19970915,359,699,922,191,597,527,938
19970916,227,334,134,401,621,981,558
19970917,984,129,773,50,296,768,30
19970918,684,175,105,372,237,230,249
19970919,412,914,225,130,762,972,559
19970920,316,199,535,603,479,987,658
19970921,919,458,485,246,174,628,389
19970922,892,293,501,993,802,989,850
19970923,1014,464,272,958,304,296,190
19970924,393,315,251,94,185,326,853
19970925,414,472,831,302,980,667,295
19970926,660,889,642,249,56,179,356
19970927,906,461,987,541,944,434,567
19970928,666,919,1007,583,704,727,905
19970929,379,696,201,456,894,115,423
19970930,811,932,601,936,716,18,828
19971001,314,219,808,703,358,343,970
19971002,895,295,966,114,239,9,145
19971003,197,504,922,206,587,88,49
19971004,300,662,985,458,372,489,534
19971005,248,464,592,76,136,776,173
19971006,394,86,852,1002,108,76,259
19971007,810,518,585,596,109,450,1007
19971008,590,810,280,285,199,823,24
19971009,80,288,158,193,449,60,369
19971010,90,994,406,788,717,465,99
19971011,896,116,396,285,630,827,51
19971012,450,370,613,417,729,575,513
19971013,81,149,319,351,446,638,55
19971014,618,623,852,851,705,217,826
19971015,607,148,347,781,533,163,489
19971016,414,71,805,531,590,921,75
19971017,530,489,30,284,842,793,29
19971018,759,96,925,27,484,248,793
19971019,7,793,347,88,790,913,577
19971020,396,587,317,178,47,487,208
19971021,295,374,619,694,680,115,223
19971022,207,40,443,258,594,692,738
19971023,579,393,251,673,809,770,169
19971024,449,767,154,372,694,645,963
19971025,902,33,38,851,630,442,154
19971026,392,236,400,9,101,293,177
19971027,530,166,916,843,220,813,790
19971028,547,456,523,401,613,845,409
19971029,389,629,90,151,451,205,160
19971030,814,797,242,619,201,557,823
19971031,432,857,588,630,456,244,946
19971101,673,135,299,520,809,64,357
19971102,525,936,344,705,207,919,777
19971103,904,849,66,109,780,956,288
19971104,765,104,812,551,308,122,1006
19971105,582,108,837,80,212,799,608
19971106,2,253,961,371,564,599,815
19971107,118,514,49,163,862,683,199
19971108,985,530,954,122,83,191,414
19971109,230,69,128,686,691,457,668
19971110,330,221,287,100,704,46,293
19971111,286,607,450,490,407,897,428
19971112,573,862,504,1,700,52,469
19971113,1023,18,55,437,72,986,970
19971114,359,457,627,772,29,312,241
19971115,254,517,371,127,453,186,718
19971116,341,220,592,216,319,558,1018
19971117,129,923,627,503,56,517,744
19971118,605,1023,345,837,893,440,348
19971119,19,46,236,481,641,337,197
19971120,60,153,273,192,609,449,507
19971121,585,446,326,286,392,850,632
19971122,715,622,258,94,752,1019,325
19971123,871,940,11,680,465,617,371
19971124,789,297,491,505,444,958,980
19971125,591,669,428,318,271,468,706
19971126,682,7,109,89,453,494,5
19971127,194,625,39,769,516,120,651
19971128,39,184,184,425,772,25,471
19971129,802,954,540,444,477,919,423
19971130,131,443,442,769,844,950,337
19971201,896,490,436,16,559,851,185
19971202,451,747,730,380,416,713,22
19971203,438,178,504,94,131,350,1023
19971204,347,414,864,514,21,624,576
19971205,452,1005,402,11,435,170,868
19971206,911,317,256,319,578,340,285
19971207,257,354,642,795,271,794,733
19971208,951,108,996,959,381,299,928
19971209,135,771,405,791,217,98,199
19971210,198,692,645,488,6,13,607
19971211,287,936,705,673,133,41,963
19971212,376,587,81,377,818,362,673
19971213,666,196,247,649,349,457,718
19971214,420,753,936,207,724,774,118
19971215,507,343,668,755,812,378,862
19971216,654,571,194,583,17,179,1013
19971217,22,661,204,28,210,54,589
19971218,334,532,541,327,674,821,1008
19971219,180,912,791,633,614,552,668
19971220,945,745,840,19,396,819,59
19971221,29,298,90,78,26,904,286
19971222,469,436,597,891,492,155,715
19971223,824,76,723,1022,869,286,719
19971224,783,767,470,39,180,914,265
19971225,321,158,587,520,956,924,669
19971226,1021,774,53,109,635,413,87
19971227,381,219,969,423,903,610,255
19971228,172,999,143,893,846,212,180
19971229,4,994,722,5,116,868,640
19971230,160,334,619,1006,610,952,753
19971231,396,312,77,417,654,288,316
19980101,796,858,901,58,451,527,836
19980102,518,21,688,938,179,590,906
19980103,372,803,268,592,367,869,925
19980104,40,426,422,992,920,411,388
19980105,154,708,912,457,451,657,115
19980106,834,217,692,265,128,252,10
19980107,293,232,218,799,94,50,148
19980108,611,30,603,591,198,479,962
19980109,850,733,914,144,758,319,298
19980110,917,525,673,400,517,602,93
19980111,925,13,36,495,597,670,371
19980112,428,756,639,360,648,208,430
19980113,664,406,831,666,457,523,354
19980114,87,251,258,275,307,867,594
19980115,418,714,265,728,686,27,763
19980116,468,446,532,687,895,898,922
19980117,85,131,18,656,648,455,738
19980118,303,128,781,585,571,227,58
19980119,8,48,973,229,957,228,1009
19980120,165,549,6,800,401,400,51
19980121,7,889,34,713,866,97,301
19980122,448,876,53,655,92,578,666
19980123,116,478,286,157,22,27,607
19980124,467,637,14,829,700,637,663
19980125,184,950,945,679,863,106,890
19980126,395,422,404,764,222,589,1009
19980127,177,210,758,397,741,346,450
19980128,305,456,45,394,427,114,895
19980129,584,16,249,850,347,501,689
19980130,510,708,595,829,643,385,550
19980131,453,476,555,37,747,782,870
19980201,367,948,681,775,505,834,741
19980202,407,582,302,249,337,380,294
19980203,101,203,193,843,933,284,911
19980204,479,36,222,550,298,332,798
19980205,856,332,739,749,90,788,563
19980206,762,17,647,177,178,548,524
19980207,313,548,192,958,685,681,224
19980208,448,320,558,844,217,349,84
19980209,430,659,932,975,257,821,925
19980210,871,850,745,1014,59,164,891
19980211,328,671,280,749,141,207,54
19980212,249,683,844,890,1007,878,422
19980213,112,464,396,190,963,156,485
19980214,81,249,459,847,632,695,520
19980215,993,28,534,144,1017,677,767
19980216,149,882,444,750,3,164,809
19980217,205,189,962,1,402,992,844
19980218,1015,734,624,306,26,215,94
19980219,230,1021,316,742,503,223,350
19980220,610,470,703,966,819,360,771
19980221,620,231,285,973,2,591,15
19980222,709,231,109,162,654,879,698
19980223,15,748,457,617,669,574,940
19980224,747,145,768,298,224,120,244
19980225,357,511,201,235,495,940,904
19980226,561,659,736,860,826,767,786
19980227,749,956,657,373,685,281,711
19980228,331,931,112,452,992,724,627
19980301,586,526,927,576,851,99,719
19980302,651,517,125,840,364,673,315
19980303,484,757,789,487,501,225,698
19980304,549,373,130,428,181,2,167
19980305,400,210,204,12,673,732,344
19980306,583,177,991,234,1003,697,825
19980307,183,145,1012,764,18,12,646
19980308,527,760,456,619,881,123,693
19980309,459,929,320,779,955,476,683
19980310,123,957,796,195,791,578,783
19980311,687,162,251,37,19,430,825
19980312,445,390,758,963,20,35,429
19980313,492,632,549,219,723,1010,451
19980314,195,24,452,332,327,317,839
19980315,733,853,850,814,429,591,823
19980316,663,818,526,292,783,19,392
19980317,357,420,898,947,467,517,115
19980318,896,219,937,465,840,439,611
19980319,247,857,989,143,1009,792,511
19980320,397,630,838,650,223,42,535
19980321,710,998,645,587,216,163,615
19980322,530,1015,373,77,735,512,265
19980323,20,201,253,422,967,792,584
19980324,967,443,465,717,92,762,628
19980325,217,249,366,391,157,472,655
19980326,606,628,304,913,413,471,625
19980327,949,741,411,661,705,637,264
19980328,177,375,543,640,414,368,363
19980329,993,611,780,878,515,1012,819
19980330,272,10,986,523,99,679,58
19980331,589,1010,412,773,673,542,913
19980401,959,58,68,523,462,216,516
19980402,510,562,361,101,439,1020,859
19980403,455,688,899,764,104,125,340
19980404,873,501,24,405,223,435,765
19980405,473,285,560,441,254,831,429
19980406,436,856,36,708,184,639,41
19980407,914,506,143,283,638,619,578
19980408,80,423,746,15,176,510,171
19980409,976,2,232,922,358,57,492
19980410,406,946,698,597,489,127,810
19980411,898,849,945,295,136,588,411
19980412,932,885,573,38,144,591,719
19980413,680,612,16,334,915,413,206
19980414,165,110,45,321,303,296,662
19980415,705,767,633,378,479,64,505
19980416,982,677,549,855,372,755,97
19980417,319,71,793,19,585,977,325
19980418,780,481,142,564,861,794,970
19980419,371,945,609,918,527,158,63
19980420,465,703,383,476,403,795,346
19980421,766,139,715,961,196,424,473
19980422,592,682,376,506,470,949,883
19980423,74,746,13,11,952,787,38
19980424,561,0,231,183,477,477,152
19980425,380,319,268,147,244,613,57
19980426,837,735,106,377,959,533,787
19980427,357,606,379,345,558,787,821
19980428,533,28,240,306,760,1002,399
19980429,725,721,845,520,806,820,741
19980430,777,584,645,1020,104,25,330
19980501,501,750,399,119,81,175,527
19980502,606,181,591,113,437,403,834
19980503,472,415,473,340,92,744,829
19980504,764,44,5,335,366,616,495
19980505,1013,240,682,529,479,719,209
19980506,1000,697,14,110,127,861,215
19980507,994,144,559,1002,566,242,600
19980508,83,859,742,904,561,472,291
19980509,51,763,121,253,566,59,259
19980510,385,338,46,59,1010,828,717
19980511,23,944,856,276,434,374,341
19980512,465,527,486,587,82,930,591
19980513,425,750,580,576,810,373,434
19980514,440,26,239,974,127,335,253
19980515,84,56,351,668,699,270,101
19980516,459,491,854,475,177,722,895
19980517,952,238,487,805,881,578,501
19980518,137,486,3,924,683,649,349
19980519,581,826,395,598,68,70,22
19980520,277,814,746,215,160,225,190
19980521,716,240,595,245,455,947,823
19980522,47,882,664,677,75,880,735
19980523,602,716,681,339,527,871,481
19980524,530,45,433,1005,263,679,545
19980525,916,384,279,289,355,505,240
19980526,145,599,58,57,225,9,58
19980527,871,582,313,564,348,367,928
19980528,514,180,596,109,398,371,193
19980529,429,415,91,967,463,248,459
19980530,786,385,164,745,338,71,478
19980531,502,983,261,896,113,234,569
19980601,562,688,792,364,907,973,830
19980602,352,340,535,457,642,146,873
19980603,301,379,641,153,999,660,295
19980604,645,982,191,6,156,273,122
19980605,854,527,502,972,5,703,66
19980606,262,142,928,434,200,35,632
19980607,115,122,785,394,935,490,453
19980608,348,897,833,43,61,232,738
19980609,28,770,885,271,928,473,95
19980610,818,611,179,963,742,1008,489
19980611,848,385,557,734,887,621,235
19980612,118,52,391,751,851,961,534
19980613,811,936,803,157,701,902,847
19980614,1006,233,750,308,130,458,335
19980615,99,582,998,836,413,353,948
19980616,741,608,2,884,282,987,686
19980617,823,379,577,160,219,434,205
19980618,829,382,259,389,907,615,22
19980619,232,419,787,754,555,987,220
19980620,276,317,374,787,999,725,525
19980621,116,903,6,534,82,289,309
19980622,950,535,373,973,65,363,228
19980623,755,688,704,531,932,269,636
19980624,575,543,547,729,84,978,118
19980625,275,1022,863,484,571,878,228
19980626,834,577,500,791,33,209,601
19980627,343,404,784,393,1016,116,338
19980628,923,7,842,548,592,49,624
19980629,506,8,97,499,260,66,511
19980630,449,267,188,430,930,957,301
19980701,789,448,480,648,895,404,926
19980702,627,25,969,751,10,753,118
19980703,880,866,180,891,503,666,198
19980704,770,178,733,949,682,695,654
19980705,54,359,640,455,80,435,816
19980706,498,391,1002,848,630,753,893
19980707,773,964,430,969,728,246,354
19980708,402,173,804,423,509,470,226
19980709,876,412,618,981,364,402,953
19980710,544,316,162,661,326,233,626
19980711,155,48,822,823,440,797,845
19980712,77,543,465,660,618,133,954
19980713,825,990,467,334,864,7,916
19980714,589,887,833,1001,734,933,835
19980715,544,759,180,917,527,269,774
19980716,565,380,624,901,292,346,380
19980717,458,269,729,786,230,303,71
19980718,913,689,790,160,191,642,1006
19980719,202,680,734,615,302,36,454
19980720,118,473,713,19,201,190,960
19980721,506,219,307,244,129,642,543
19980722,807,260,240,911,863,877,754
19980723,342,648,646,474,410,384,906
19980724,992,116,317,46,883,551,33
19980725,419,638,233,218,78,215,1018
19980726,912,971,942,261,803,290,531
19980727,748,922,948,215,18,963,382
19980728,858,1015,1011,268,947,404,115
19980729,326,567,100,395,911,974,934
19980730,399,49,87,585,624,156,155
19980731,686,763,207,502,560,831,874
19980801,66,671,133,843,860,346,960
19980802,1003,802,918,164,923,999,543
19980803,670,555,358,117,344,927,183
19980804,363,853,587,188,94,424,394
19980805,581,207,983,354,598,279,902
19980806,853,16,878,586,813,233,233
19980807,47,514,909,834,825,10,2
19980808,394,603,568,616,652,820,8
19980809,118,34,360,610,912,571,903
19980810,240,460,352,770,464,317,361
19980811,67,968,698,664,104,594,556
19980812,846,272,746,356,626,644,130
19980813,730,811,806,350,438,89,349
19980814,1011,365,829,419,849,609,455
19980815,13,512,1,956,1006,99,591
19980816,538,863,550,208,261,543,1015
19980817,963,215,396,695,783,936,895
19980818,335,591,85,849,212,623,839
19980819,712,893,4,365,6,885,252
19980820,51,295,646,811,413,196,367
19980821,10,975,381,145,209,350,752
19980822,256,898,236,5,681,168,660
19980823,706,984,663,14,256,40,73
19980824,27,392,638,625,790,164,161
19980825,844,457,729,859,11,144,813
19980826,365,663,320,613,251,193,546
19980827,32,224,574,974,107,663,817
19980828,358,778,987,161,578,55,312
19980829,978,375,213,50,432,1015,614
19980830,104,432,268,437,160,622,228
19980831,647,50,542,890,293,207,618
19980901,927,203,289,830,571,939,507
19980902,32,88,297,968,141,592,437
19980903,905,286,641,835,201,178,163
19980904,737,785,493,637,877,156,588
19980905,289,76,381,441,521,974,955
19980906,452,270,442,116,703,455,346
19980907,888,577,1014,878,759,577,247
19980908,534,379,51,541,14,380,95
19980909,491,627,420,436,674,769,798
19980910,634,567,1009,246,705,859,15
19980911,725,925,81,516,792,462,246
19980912,417,626,804,212,67,604,401
19980913,977,248,259,307,548,924,867
19980914,452,753,442,731,802,581,142
19980915,12,125,504,128,788,777,401
19980916,889,833,404,321,454,706,551
19980917,647,1023,506,175,105,708,37
19980918,963,715,442,688,892,229,528
19980919,222,683,259,729,734,517,424
19980920,706,431,237,537,8,146,233
19980921,292,842,571,309,749,420,941
19980922,231,751,64,790,167,952,633
19980923,880,864,226,102,867,551,266
19980924,366,730,830,892,808,747,102
19980925,616,1022,694,411,611,1023,13
19980926,168,738,1001,438,973,746,754
19980927,160,73,502,301,353,253,967
19980928,991,97,463,174,381,334,337
19980929,72,266,37,264,479,492,714
19980930,191,394,367,678,28,146,146
19981001,708,70,302,879,818,719,954
19981002,546,156,569,751,35,119,873
19981003,19,446,131,719,495,819,102
19981004,452,478,626,199,640,65,931
19981005,868,947,862,706,918,759,676
19981006,208,823,274,711,729,905,553
19981007,954,297,363,710,957,710,1015
19981008,87,522,355,936,730,774,230
19981009,117,872,429,611,155,451,582
19981010,942,200,756,600,229,993,543
19981011,391,169,1015,661,119,193,683
19981012,653,565,996,499,442,862,492
19981013,536,897,584,998,537,807,123
19981014,665,151,723,717,1004,943,398
19981015,663,960,651,212,24,817,982
19981016,610,246,542,419,548,226,350
19981017,951,535,788,1011,981,773,329
19981018,536,197,366,474,943,3,852
19981019,786,202,813,739,6,910,855
19981020,182,447,629,739,167,390,733
19981021,329,449,29,360,371,718,550
19981022,804,897,603,802,440,847,122
19981023,980,667,310,675,127,230,177
19981024,746,837,89,508,690,837,12
19981025,751,179,615,997,681,153,449
19981026,323,852,165,40,760,986,738
19981027,291,269,547,211,624,95,653
19981028,665,754,50,68,463,15,679
19981029,154,318,416,249,926,6,933
19981030,321,916,686,1020,738,254,137
19981031,391,180,853,661,45,332,303
19981101,77,94,214,534,218,610,781
19981102,794,559,698,833,644,202,134
19981103,720,63,915,446,1,381,464
19981104,691,316,91,216,378,215,640
19981105,902,984,91,138,964,28,127
19981106,850,691,505,134,155,487,436
19981107,31,440,238,833,339,447,938
19981108,668,201,540,608,675,9,432
19981109,131,119,417,229,851,432,636
19981110,610,883,800,956,798,782,663
19981111,353,6,1011,351,1010,223,438
19981112,584,292,97,614,611,988,867
19981113,176,913,671,500,1002,30,624
19981114,975,624,355,85,863,121,868
19981115,427,893,616,201,608,915,848
19981116,61,875,172,141,951,294,898
19981117,309,464,526,867,100,521,361
19981118,305,900,277,839,106,54,428
19981119,251,793,97,632,726,174,909
19981120,860,78,620,57,455,381,745
19981121,293,596,705,689,237,168,83
19981122,750,916,902,508,564,751,209
19981123,272,306,469,305,822,773,532
19981124,848,222,892,294,167,126,990
19981125,248,806,859,629,918,29,829
19981126,219,235,923,606,842,769,476
19981127,299,787,109,466,1003,619,248
19981128,306,1,10,871,438,527,896
19981129,407,68,439,378,96,686,41
19981130,747,945,793,1019,776,478,42
19981201,559,69,177,427,770,707,638
19981202,866,834,490,437,438,23,253
19981203,227,677,523,51,885,606,813
19981204,694,347,917,922,620,218,143
19981205,657,553,943,79,127,310,102
19981206,718,181,987,263,757,909,104
19981207,124,248,478,393,365,959,773
19981208,53,240,372,59,278,758,640
19981209,878,944,1009,265,756,86,832
19981210,607,244,630,232,272,410,453
19981211,229,340,496,49,309,640,229
19981212,164,50,405,288,82,620,550
19981213,271,633,951,258,846,342,801
19981214,1006,206,1023,255,28,172,280
19981215,170,312,502,551,675,612,142
19981216,851,151,349,781,377,303,959
19981217,736,401,121,450,663,203,927
19981218,742,900,77,853,809,939,891
19981219,905,410,24,399,711,516,224
19981220,870,148,22,230,197,874,351
19981221,82,184,78,347,160,519,539
19981222,835,474,263,277,831,1007,225
19981223,391,184,740,61,475,861,903
19981224,569,244,241,300,1016,723,194
19981225,530,938,212,620,165,555,902
19981226,657,250,516,982,799,920,202
19981227,323,268,485,750,323,485,465
19981228,472,711,300,116,918,428,858
19981229,906,533,684,337,755,414,611
19981230,803,514,869,396,450,347,542
